dataset,window,trial_name,parameter,level,value,seed,status,data_file,frozen_prior_ppo,method_order,pbir_status,pbir_return_code,pbir_best_train_sharpe,pbir_best_iteration,pbir_test_sharpe,pbir_test_sortino,pbir_test_max_drawdown,pbir_test_total_return,pbir_wall_time_seconds,pbir_llm_call_attempts,pbir_llm_call_successes,pbir_valid_code_rate,pbir_failed_iterations,pbir_config_path,pbir_config_sha256,pbir_experiment_dir,pure_gift_status,pure_gift_return_code,pure_gift_best_train_sharpe,pure_gift_best_iteration,pure_gift_test_sharpe,pure_gift_test_sortino,pure_gift_test_max_drawdown,pure_gift_test_total_return,pure_gift_wall_time_seconds,pure_gift_llm_call_attempts,pure_gift_llm_call_successes,pure_gift_valid_code_rate,pure_gift_failed_iterations,pure_gift_config_path,pure_gift_config_sha256,pure_gift_experiment_dir,test_sharpe_delta_pbir_minus_gift,test_sortino_delta_pbir_minus_gift,test_total_return_delta_pbir_minus_gift,test_max_drawdown_delta_pbir_minus_gift,test_max_drawdown_improvement_pbir_minus_gift
portfolio_5stocks,W1,epochs_per_update_g1_1,epochs_per_update,1,1,42,completed,${PROJECT_ROOT}\data\portfolio_5stocks.pkl,{},pbir>pure_gift,completed,0,0.479765392866707,1,0.5797870476447586,0.3836151116212081,2.4839291248804125,1.252280696801722,1634.9516170000425,20,20,1.0,0,${PROJECT_ROOT}\configs\_paired_hparam_sweep\portfolio_5stocks\W1\seed_42\epochs_per_update_g1_1_pbir.yaml,01c71f7044c5510b944b044f045641608be9df5f328f8720dcea92d8ea6db1f3,${PROJECT_ROOT}\results\stage_a_tuning\portfolio_5stocks\W1\seed_42\trials\epochs_per_update_g1_1\pbir,completed,0,0.542177439819067,3,3.0512183404348705,2.473461539097239,4.2157533035367045,11.74402169891029,1749.8924188000383,20,20,1.0,0,${PROJECT_ROOT}\configs\_paired_hparam_sweep\portfolio_5stocks\W1\seed_42\epochs_per_update_g1_1_pure_gift.yaml,67907dcaf2cf9670da57f21dc049b59135815d9c4f6c1232642b405e0ca6fbb2,${PROJECT_ROOT}\results\stage_a_tuning\portfolio_5stocks\W1\seed_42\trials\epochs_per_update_g1_1\pure_gift,-2.471431292790112,-2.089846427476031,-10.491741002108569,-1.731824178656292,1.731824178656292
portfolio_5stocks,W1,epochs_per_update_g2_3,epochs_per_update,2,3,42,completed,${PROJECT_ROOT}\data\portfolio_5stocks.pkl,{},pure_gift>pbir,completed,0,0.7505989449051954,1,3.1501054949612897,2.6337685133086595,4.921271362589858,13.562803062353579,1679.3473232000833,20,20,1.0,0,${PROJECT_ROOT}\configs\_paired_hparam_sweep\portfolio_5stocks\W1\seed_42\epochs_per_update_g2_3_pbir.yaml,42fa4fbcd8d778f8db79e4325018e56ba6a90ef444eab63d549907150fb986af,${PROJECT_ROOT}\results\stage_a_tuning\portfolio_5stocks\W1\seed_42\trials\epochs_per_update_g2_3\pbir,completed,0,0.7133089452386924,4,1.4614770492647975,1.1997429883399813,3.6649816928157755,4.319696987088006,1746.589993200032,20,20,1.0,0,${PROJECT_ROOT}\configs\_paired_hparam_sweep\portfolio_5stocks\W1\seed_42\epochs_per_update_g2_3_pure_gift.yaml,6a0928d8dc61343dd5d414bcf927d204fc50c6f606f3238dfcdb66a07df6fc1b,${PROJECT_ROOT}\results\stage_a_tuning\portfolio_5stocks\W1\seed_42\trials\epochs_per_update_g2_3\pure_gift,1.6886284456964922,1.4340255249686782,9.243106075265572,1.2562896697740822,-1.2562896697740822
portfolio_5stocks,W1,epochs_per_update_g3_5,epochs_per_update,3,5,42,completed,${PROJECT_ROOT}\data\portfolio_5stocks.pkl,{},pbir>pure_gift,completed,0,0.7125502533701918,3,2.8202237968580115,2.4328284190846983,4.058875217630891,10.186910028114626,1866.2503771999618,20,20,1.0,0,${PROJECT_ROOT}\configs\_paired_hparam_sweep\portfolio_5stocks\W1\seed_42\epochs_per_update_g3_5_pbir.yaml,4576dc14f6a8b9974420bf5eebcad36b0d1858994f4ad92e912020c1c044b479,${PROJECT_ROOT}\results\stage_a_tuning\portfolio_5stocks\W1\seed_42\trials\epochs_per_update_g3_5\pbir,completed,0,0.6924379314522386,1,1.6645994969522364,1.1977369455772497,2.615400371590213,4.248517473610103,1654.835399200092,20,20,1.0,0,${PROJECT_ROOT}\configs\_paired_hparam_sweep\portfolio_5stocks\W1\seed_42\epochs_per_update_g3_5_pure_gift.yaml,8dcb9e445ae0bc847f2b17667d2194233f361bd9aeb8119102efb9918e0dc9e2,${PROJECT_ROOT}\results\stage_a_tuning\portfolio_5stocks\W1\seed_42\trials\epochs_per_update_g3_5\pure_gift,1.155624299905775,1.2350914735074485,5.9383925545045235,1.4434748460406777,-1.4434748460406777
portfolio_5stocks,W1,epochs_per_update_g4_8,epochs_per_update,4,8,42,completed,${PROJECT_ROOT}\data\portfolio_5stocks.pkl,{},pure_gift>pbir,completed,0,0.9135462439725589,3,0.7553913916749343,0.5282392217242509,3.944101546512306,2.033752999063565,1665.44789760001,20,20,1.0,0,${PROJECT_ROOT}\configs\_paired_hparam_sweep\portfolio_5stocks\W1\seed_42\epochs_per_update_g4_8_pbir.yaml,2720fe9da30c4e40012332374ac5be6e52f72db5f42085202b13f0fe9a889f4b,${PROJECT_ROOT}\results\stage_a_tuning\portfolio_5stocks\W1\seed_42\trials\epochs_per_update_g4_8\pbir,completed,0,0.594968232928328,1,2.4799039218283494,1.9663875650195797,3.7172300086641026,7.7026875269363915,1731.2543525000801,20,20,1.0,0,${PROJECT_ROOT}\configs\_paired_hparam_sweep\portfolio_5stocks\W1\seed_42\epochs_per_update_g4_8_pure_gift.yaml,50447a375e4b40332c3fd65d23dfa206eade3b28e7cec8ae1bfc0548db7d9d02,${PROJECT_ROOT}\results\stage_a_tuning\portfolio_5stocks\W1\seed_42\trials\epochs_per_update_g4_8\pure_gift,-1.7245125301534152,-1.4381483432953288,-5.6689345278728265,0.22687153784820335,-0.22687153784820335
portfolio_5stocks,W1,epochs_per_update_g5_10,epochs_per_update,5,10,42,completed,${PROJECT_ROOT}\data\portfolio_5stocks.pkl,{},pbir>pure_gift,completed,0,0.8688143360686195,2,2.4753986659918357,2.0717141578615434,5.0453459361406505,9.608086375167414,2064.8318994999863,20,20,1.0,0,${PROJECT_ROOT}\configs\_paired_hparam_sweep\portfolio_5stocks\W1\seed_42\epochs_per_update_g5_10_pbir.yaml,775aa705ab8d10cf5e7eca51e39155a450cf2078825704cf48072af62ed06624,${PROJECT_ROOT}\results\stage_a_tuning\portfolio_5stocks\W1\seed_42\trials\epochs_per_update_g5_10\pbir,completed,0,0.8228382146335511,2,2.661133044737445,2.112148171100263,3.9827356326556256,9.411364919996789,1673.8471600000048,20,20,1.0,0,${PROJECT_ROOT}\configs\_paired_hparam_sweep\portfolio_5stocks\W1\seed_42\epochs_per_update_g5_10_pure_gift.yaml,29a1dff62becac18436d0e4fafed856c027c1a71adf5f7446c1bcc7e73ece07a,${PROJECT_ROOT}\results\stage_a_tuning\portfolio_5stocks\W1\seed_42\trials\epochs_per_update_g5_10\pure_gift,-0.18573437874560916,-0.04043401323871976,0.1967214551706249,1.062610303485025,-1.062610303485025
portfolio_5stocks,W1,max_episodes_g1_20,max_episodes,1,20,42,completed,${PROJECT_ROOT}\data\portfolio_5stocks.pkl,"{""epochs_per_update"":10}",pure_gift>pbir,completed,0,0.9845192750488044,5,1.4274115981438464,0.9873265431230008,3.930942576291009,4.542522846118269,940.5751834999537,20,20,1.0,0,${PROJECT_ROOT}\configs\_paired_hparam_sweep\portfolio_5stocks\W1\seed_42\max_episodes_g1_20_pbir.yaml,4fd5bd8653a6f67eaa3cf71ee7580900bcec23f34a857f1c0c9eed44ba57d35b,${PROJECT_ROOT}\results\stage_a_tuning\portfolio_5stocks\W1\seed_42\trials\max_episodes_g1_20\pbir,completed,0,0.5991675327243284,2,3.2201279667820266,2.676410756121509,4.704939935841177,13.938679441926682,842.7628302999074,20,20,0.9333333333333333,0,${PROJECT_ROOT}\configs\_paired_hparam_sweep\portfolio_5stocks\W1\seed_42\max_episodes_g1_20_pure_gift.yaml,95e29abbdd29ee514dd1dbb71102664a49034c9707728aa63a18009f1b3ee257,${PROJECT_ROOT}\results\stage_a_tuning\portfolio_5stocks\W1\seed_42\trials\max_episodes_g1_20\pure_gift,-1.7927163686381802,-1.6890842129985084,-9.396156595808414,-0.7739973595501684,0.7739973595501684
portfolio_5stocks,W1,max_episodes_g2_35,max_episodes,2,35,42,completed,${PROJECT_ROOT}\data\portfolio_5stocks.pkl,"{""epochs_per_update"":10}",pbir>pure_gift,completed,0,0.7616853750713587,5,1.781163703259267,1.3648136174595584,2.676036557447046,4.943213019934611,1299.629658699967,20,20,1.0,0,${PROJECT_ROOT}\configs\_paired_hparam_sweep\portfolio_5stocks\W1\seed_42\max_episodes_g2_35_pbir.yaml,e6b0b6c116630ec30f39202c0ccba86735bd150ac194a1363e413ad0e42d8115,${PROJECT_ROOT}\results\stage_a_tuning\portfolio_5stocks\W1\seed_42\trials\max_episodes_g2_35\pbir,completed,0,0.7209655286742939,3,2.4702218340771975,1.9231008649851005,4.195170104876706,9.731690320641873,1560.1045338999247,20,20,1.0,0,${PROJECT_ROOT}\configs\_paired_hparam_sweep\portfolio_5stocks\W1\seed_42\max_episodes_g2_35_pure_gift.yaml,1c2766f2ac55388c9624492399879c042cd8b2c9b64449b9ea4eeea399931911,${PROJECT_ROOT}\results\stage_a_tuning\portfolio_5stocks\W1\seed_42\trials\max_episodes_g2_35\pure_gift,-0.6890581308179304,-0.558287247525542,-4.788477300707261,-1.5191335474296594,1.5191335474296594
portfolio_5stocks,W1,max_episodes_g3_50,max_episodes,3,50,42,completed,${PROJECT_ROOT}\data\portfolio_5stocks.pkl,"{""epochs_per_update"":10}",pure_gift>pbir,completed,0,1.1176713744697562,4,2.8110972582013987,2.4576845565646748,4.945565863271271,11.0802061294063,2115.974374499987,20,20,1.0,0,${PROJECT_ROOT}\configs\_paired_hparam_sweep\portfolio_5stocks\W1\seed_42\max_episodes_g3_50_pbir.yaml,775aa705ab8d10cf5e7eca51e39155a450cf2078825704cf48072af62ed06624,${PROJECT_ROOT}\results\stage_a_tuning\portfolio_5stocks\W1\seed_42\trials\max_episodes_g3_50\pbir,completed,0,1.1336516746362566,3,1.995729938003548,1.565815400143043,4.0263236708946994,6.7051777528122525,2076.473865500069,20,20,1.0,0,${PROJECT_ROOT}\configs\_paired_hparam_sweep\portfolio_5stocks\W1\seed_42\max_episodes_g3_50_pure_gift.yaml,29a1dff62becac18436d0e4fafed856c027c1a71adf5f7446c1bcc7e73ece07a,${PROJECT_ROOT}\results\stage_a_tuning\portfolio_5stocks\W1\seed_42\trials\max_episodes_g3_50\pure_gift,0.8153673201978506,0.8918691564216317,4.375028376594047,0.9192421923765712,-0.9192421923765712
portfolio_5stocks,W1,max_episodes_g4_75,max_episodes,4,75,42,completed,${PROJECT_ROOT}\data\portfolio_5stocks.pkl,"{""epochs_per_update"":10}",pbir>pure_gift,completed,0,1.167915775858761,4,2.989344156733389,2.37225875417704,4.524754739968818,11.669626715055292,2875.842697600019,20,20,1.0,0,${PROJECT_ROOT}\configs\_paired_hparam_sweep\portfolio_5stocks\W1\seed_42\max_episodes_g4_75_pbir.yaml,afac70023acced38e8aea3d9c3929bf2032906349eec3088be8b7485b6f69c16,${PROJECT_ROOT}\results\stage_a_tuning\portfolio_5stocks\W1\seed_42\trials\max_episodes_g4_75\pbir,completed,0,0.7470591049532964,2,1.8044217701868064,1.315393253180847,2.672591515418325,4.782475269050446,2819.3820271999575,20,20,1.0,0,${PROJECT_ROOT}\configs\_paired_hparam_sweep\portfolio_5stocks\W1\seed_42\max_episodes_g4_75_pure_gift.yaml,99b23a06489780dcbcba3ecab5740e1a675d6d72488101b9511cf44ff6f71856,${PROJECT_ROOT}\results\stage_a_tuning\portfolio_5stocks\W1\seed_42\trials\max_episodes_g4_75\pure_gift,1.1849223865465826,1.056865500996193,6.887151446004847,1.8521632245504933,-1.8521632245504933
portfolio_5stocks,W1,max_episodes_g5_100,max_episodes,5,100,42,completed,${PROJECT_ROOT}\data\portfolio_5stocks.pkl,"{""epochs_per_update"":10}",pure_gift>pbir,completed,0,1.2821822810745083,3,1.674123454742807,1.228991699888176,4.511765579440322,5.5139607913781585,3436.502511099912,20,20,1.0,0,${PROJECT_ROOT}\configs\_paired_hparam_sweep\portfolio_5stocks\W1\seed_42\max_episodes_g5_100_pbir.yaml,d041ca51da9dd8c5ed5ab06d80897162220fa31b27c79cb6e2d5d08321467913,${PROJECT_ROOT}\results\stage_a_tuning\portfolio_5stocks\W1\seed_42\trials\max_episodes_g5_100\pbir,completed,0,1.042528870641121,1,0.8670876092293406,0.6177233181538879,2.91994424338569,1.9525739866253167,3155.499772800016,20,20,1.0,0,${PROJECT_ROOT}\configs\_paired_hparam_sweep\portfolio_5stocks\W1\seed_42\max_episodes_g5_100_pure_gift.yaml,1edca6f4de433778a4bb70ed3f66bd159213a541f7679a36579515ce15a9e15e,${PROJECT_ROOT}\results\stage_a_tuning\portfolio_5stocks\W1\seed_42\trials\max_episodes_g5_100\pure_gift,0.8070358455134664,0.6112683817342881,3.561386804752842,1.591821336054632,-1.591821336054632
portfolio_5stocks,W1,actor_lr_g1_5em05,actor_lr,1,5e-05,42,completed,${PROJECT_ROOT}\data\portfolio_5stocks.pkl,"{""epochs_per_update"":10,""max_episodes"":50}",pbir>pure_gift,completed,0,0.6509448847553824,1,1.532134990648821,1.089170671676131,2.53958101368485,3.6931403510377603,1910.5918695,20,20,1.0,0,${PROJECT_ROOT}\configs\_paired_hparam_sweep\portfolio_5stocks\W1\seed_42\actor_lr_g1_5em05_pbir.yaml,ea3acac8d2484b5ce1519f4b9bf2fa8db331b2af8e434c905d592749633742b4,${PROJECT_ROOT}\results\stage_a_tuning\portfolio_5stocks\W1\seed_42\trials\actor_lr_g1_5em05\pbir,completed,0,0.7047179680357911,4,2.987462748562751,2.4827236739374725,3.957861436623929,11.052407377613527,1952.2334554999834,20,20,1.0,0,${PROJECT_ROOT}\configs\_paired_hparam_sweep\portfolio_5stocks\W1\seed_42\actor_lr_g1_5em05_pure_gift.yaml,68d28c0320b9dad97ea04435ded82d71e4d70f4153609980ef4a1aeef33961ff,${PROJECT_ROOT}\results\stage_a_tuning\portfolio_5stocks\W1\seed_42\trials\actor_lr_g1_5em05\pure_gift,-1.45532775791393,-1.3935530022613416,-7.3592670265757665,-1.418280422939079,1.418280422939079
portfolio_5stocks,W1,actor_lr_g2_0p0001,actor_lr,2,0.0001,42,completed,${PROJECT_ROOT}\data\portfolio_5stocks.pkl,"{""epochs_per_update"":10,""max_episodes"":50}",pure_gift>pbir,completed,0,0.7565552428976262,1,2.4775316041402684,2.0562364414385885,2.8455360295190064,7.67719559028337,1942.3813449000008,20,20,1.0,0,${PROJECT_ROOT}\configs\_paired_hparam_sweep\portfolio_5stocks\W1\seed_42\actor_lr_g2_0p0001_pbir.yaml,71cacd30b6d30280fe57b731e7e73a216fe2ace1b274c9f40df11780be5235ba,${PROJECT_ROOT}\results\stage_a_tuning\portfolio_5stocks\W1\seed_42\trials\actor_lr_g2_0p0001\pbir,completed,0,0.7692776789691078,1,1.754063656649296,1.2142875093385626,3.5602590758378674,4.866820572173225,1941.6472235000692,20,20,1.0,0,${PROJECT_ROOT}\configs\_paired_hparam_sweep\portfolio_5stocks\W1\seed_42\actor_lr_g2_0p0001_pure_gift.yaml,405584cd270823f5b8c4979fab25168439c65586c3070b0cb52357acbe5f33fb,${PROJECT_ROOT}\results\stage_a_tuning\portfolio_5stocks\W1\seed_42\trials\actor_lr_g2_0p0001\pure_gift,0.7234679474909724,0.841948932100026,2.810375018110145,-0.714723046318861,0.714723046318861
portfolio_5stocks,W1,actor_lr_g3_0p0003,actor_lr,3,0.0003,42,completed,${PROJECT_ROOT}\data\portfolio_5stocks.pkl,"{""epochs_per_update"":10,""max_episodes"":50}",pbir>pure_gift,completed,0,1.0156555105984175,1,2.375699204501593,2.0203254425960173,4.1056730669445765,8.73976017751712,1958.8200303999474,20,20,1.0,0,${PROJECT_ROOT}\configs\_paired_hparam_sweep\portfolio_5stocks\W1\seed_42\actor_lr_g3_0p0003_pbir.yaml,775aa705ab8d10cf5e7eca51e39155a450cf2078825704cf48072af62ed06624,${PROJECT_ROOT}\results\stage_a_tuning\portfolio_5stocks\W1\seed_42\trials\actor_lr_g3_0p0003\pbir,completed,0,0.7740996793093312,3,2.6107962167207934,2.1119839985616076,4.248540322192207,9.628293338492888,1981.7382425999967,20,20,1.0,0,${PROJECT_ROOT}\configs\_paired_hparam_sweep\portfolio_5stocks\W1\seed_42\actor_lr_g3_0p0003_pure_gift.yaml,29a1dff62becac18436d0e4fafed856c027c1a71adf5f7446c1bcc7e73ece07a,${PROJECT_ROOT}\results\stage_a_tuning\portfolio_5stocks\W1\seed_42\trials\actor_lr_g3_0p0003\pure_gift,-0.23509701221920043,-0.09165855596559025,-0.8885331609757685,-0.1428672552476309,0.1428672552476309
portfolio_5stocks,W1,actor_lr_g4_0p0005,actor_lr,4,0.0005,42,completed,${PROJECT_ROOT}\data\portfolio_5stocks.pkl,"{""epochs_per_update"":10,""max_episodes"":50}",pure_gift>pbir,completed,0,0.9897220177879219,3,2.203617911416242,1.6938530632759299,3.74958730621991,7.190016161118673,1930.8701328999596,20,20,1.0,0,${PROJECT_ROOT}\configs\_paired_hparam_sweep\portfolio_5stocks\W1\seed_42\actor_lr_g4_0p0005_pbir.yaml,a0c6e9288f8e7c9e435e11d5dc7edcb49c88c811400d5ac78ae7a6fc34bd9477,${PROJECT_ROOT}\results\stage_a_tuning\portfolio_5stocks\W1\seed_42\trials\actor_lr_g4_0p0005\pbir,completed,0,0.7719799784638248,3,3.8765755094816083,3.5556864627478433,3.7027738139561297,17.170490414828166,1915.781617200002,20,20,1.0,0,${PROJECT_ROOT}\configs\_paired_hparam_sweep\portfolio_5stocks\W1\seed_42\actor_lr_g4_0p0005_pure_gift.yaml,f932c948eb7669120569f9fa26bcec48af5e4f7b443e38573002bcabce897844,${PROJECT_ROOT}\results\stage_a_tuning\portfolio_5stocks\W1\seed_42\trials\actor_lr_g4_0p0005\pure_gift,-1.6729575980653664,-1.8618333994719134,-9.980474253709492,0.046813492263780176,-0.046813492263780176
portfolio_5stocks,W1,actor_lr_g5_0p001,actor_lr,5,0.001,42,completed,${PROJECT_ROOT}\data\portfolio_5stocks.pkl,"{""epochs_per_update"":10,""max_episodes"":50}",pbir>pure_gift,completed,0,1.204984310943932,2,2.6098997413012577,2.254543327039635,4.324224220567988,9.554944506999519,1909.89389940002,20,20,1.0,0,${PROJECT_ROOT}\configs\_paired_hparam_sweep\portfolio_5stocks\W1\seed_42\actor_lr_g5_0p001_pbir.yaml,b335fb4a5e9d737aca07051a487bf01ec3effce6b07155725b6673fc371ce5a5,${PROJECT_ROOT}\results\stage_a_tuning\portfolio_5stocks\W1\seed_42\trials\actor_lr_g5_0p001\pbir,completed,0,0.7864908287866011,1,2.669857945146859,2.0959534534973985,3.812444237519304,8.995427020863357,1923.6593097998993,20,20,1.0,0,${PROJECT_ROOT}\configs\_paired_hparam_sweep\portfolio_5stocks\W1\seed_42\actor_lr_g5_0p001_pure_gift.yaml,4fa5872cbbd21af4b83dfbcc802f37809003a02254d92d4ee6307ae6e47747bf,${PROJECT_ROOT}\results\stage_a_tuning\portfolio_5stocks\W1\seed_42\trials\actor_lr_g5_0p001\pure_gift,-0.05995820384560124,0.15858987354223641,0.559517486136162,0.511779983048684,-0.511779983048684
portfolio_5stocks,W1,clip_epsilon_g1_0p05,clip_epsilon,1,0.05,42,completed,${PROJECT_ROOT}\data\portfolio_5stocks.pkl,"{""actor_lr"":0.0005,""epochs_per_update"":10,""max_episodes"":50}",pure_gift>pbir,completed,0,0.8067858921989234,3,2.747591766967179,2.3302427077056014,4.624654514588957,10.687588100242905,1934.156469099922,20,20,1.0,0,${PROJECT_ROOT}\configs\_paired_hparam_sweep\portfolio_5stocks\W1\seed_42\clip_epsilon_g1_0p05_pbir.yaml,747f55021c64fc58eb2260ae3fad5e0a9d19a05452e018909ae7c8b4cbb5fa20,${PROJECT_ROOT}\results\stage_a_tuning\portfolio_5stocks\W1\seed_42\trials\clip_epsilon_g1_0p05\pbir,completed,0,0.7494796399328407,4,2.47482303337125,1.9533896366075312,3.908099673915058,8.36353914295489,1900.0604770999635,20,20,1.0,0,${PROJECT_ROOT}\configs\_paired_hparam_sweep\portfolio_5stocks\W1\seed_42\clip_epsilon_g1_0p05_pure_gift.yaml,0c6db020d64b65d846f4a97698a4e3285d30bca1bb98cae076c153ca80cafa03,${PROJECT_ROOT}\results\stage_a_tuning\portfolio_5stocks\W1\seed_42\trials\clip_epsilon_g1_0p05\pure_gift,0.272768733595929,0.3768530710980702,2.3240489572880154,0.7165548406738989,-0.7165548406738989
portfolio_5stocks,W1,clip_epsilon_g2_0p1,clip_epsilon,2,0.1,42,completed,${PROJECT_ROOT}\data\portfolio_5stocks.pkl,"{""actor_lr"":0.0005,""epochs_per_update"":10,""max_episodes"":50}",pbir>pure_gift,completed,0,0.927385643104968,3,2.5538680170701666,2.1526323466062536,3.823277780308458,8.676118096601272,1965.0303436000831,20,20,1.0,0,${PROJECT_ROOT}\configs\_paired_hparam_sweep\portfolio_5stocks\W1\seed_42\clip_epsilon_g2_0p1_pbir.yaml,1ef71f7ce4cfa115f1ed4501b7d6fa8bad66e99877deca7efe1304b802cfeda1,${PROJECT_ROOT}\results\stage_a_tuning\portfolio_5stocks\W1\seed_42\trials\clip_epsilon_g2_0p1\pbir,completed,0,0.8305532159410989,2,2.452654108352705,1.9549048520866656,4.1401958752487635,9.185320594336076,1937.2638548999093,20,20,1.0,0,${PROJECT_ROOT}\configs\_paired_hparam_sweep\portfolio_5stocks\W1\seed_42\clip_epsilon_g2_0p1_pure_gift.yaml,d3583ab1e939fe322e13f89d2b02f1320295d8d4630650cad78e3085057e98c2,${PROJECT_ROOT}\results\stage_a_tuning\portfolio_5stocks\W1\seed_42\trials\clip_epsilon_g2_0p1\pure_gift,0.10121390871746172,0.19772749451958793,-0.5092024977348046,-0.31691809494030565,0.31691809494030565
portfolio_5stocks,W1,clip_epsilon_g3_0p15,clip_epsilon,3,0.15,42,completed,${PROJECT_ROOT}\data\portfolio_5stocks.pkl,"{""actor_lr"":0.0005,""epochs_per_update"":10,""max_episodes"":50}",pure_gift>pbir,completed,0,0.880915603774073,2,2.466849956697562,2.192479381594588,3.6081905372700867,8.944568121278884,1930.236566099804,20,20,1.0,0,${PROJECT_ROOT}\configs\_paired_hparam_sweep\portfolio_5stocks\W1\seed_42\clip_epsilon_g3_0p15_pbir.yaml,19a053c0d595f597879b4c8b6fe17fbfb27e2c39470274dffaf42d070415d9fc,${PROJECT_ROOT}\results\stage_a_tuning\portfolio_5stocks\W1\seed_42\trials\clip_epsilon_g3_0p15\pbir,completed,0,0.8491870405165627,5,2.3511577550109983,1.8067733535679773,3.7225011247832644,7.635777932364429,1935.354791099904,20,20,1.0,0,${PROJECT_ROOT}\configs\_paired_hparam_sweep\portfolio_5stocks\W1\seed_42\clip_epsilon_g3_0p15_pure_gift.yaml,31ace9bd10d92c8f664ae11c4738177e95ef9732c4de001ff2d8173d79b658c9,${PROJECT_ROOT}\results\stage_a_tuning\portfolio_5stocks\W1\seed_42\trials\clip_epsilon_g3_0p15\pure_gift,0.11569220168656358,0.3857060280266107,1.3087901889144549,-0.1143105875131778,0.1143105875131778
portfolio_5stocks,W1,clip_epsilon_g4_0p2,clip_epsilon,4,0.2,42,completed,${PROJECT_ROOT}\data\portfolio_5stocks.pkl,"{""actor_lr"":0.0005,""epochs_per_update"":10,""max_episodes"":50}",pbir>pure_gift,completed,0,0.889831446803507,3,1.8802896790623436,1.3903443925719159,3.349259997164713,5.857407931854985,2009.7256939001381,20,20,1.0,0,${PROJECT_ROOT}\configs\_paired_hparam_sweep\portfolio_5stocks\W1\seed_42\clip_epsilon_g4_0p2_pbir.yaml,a0c6e9288f8e7c9e435e11d5dc7edcb49c88c811400d5ac78ae7a6fc34bd9477,${PROJECT_ROOT}\results\stage_a_tuning\portfolio_5stocks\W1\seed_42\trials\clip_epsilon_g4_0p2\pbir,completed,0,0.7002363769137023,2,2.0303348862158197,1.5266341348650196,3.285769086450583,6.127927196990646,1911.524611200206,20,20,1.0,0,${PROJECT_ROOT}\configs\_paired_hparam_sweep\portfolio_5stocks\W1\seed_42\clip_epsilon_g4_0p2_pure_gift.yaml,f932c948eb7669120569f9fa26bcec48af5e4f7b443e38573002bcabce897844,${PROJECT_ROOT}\results\stage_a_tuning\portfolio_5stocks\W1\seed_42\trials\clip_epsilon_g4_0p2\pure_gift,-0.15004520715347613,-0.13628974229310375,-0.27051926513566027,0.06349091071413016,-0.06349091071413016
portfolio_5stocks,W1,clip_epsilon_g5_0p3,clip_epsilon,5,0.3,42,completed,${PROJECT_ROOT}\data\portfolio_5stocks.pkl,"{""actor_lr"":0.0005,""epochs_per_update"":10,""max_episodes"":50}",pure_gift>pbir,completed,0,1.224562373676979,4,3.103073287224244,2.7670374770019395,4.913833898816894,13.36208788402029,1923.0255650999025,20,20,1.0,0,${PROJECT_ROOT}\configs\_paired_hparam_sweep\portfolio_5stocks\W1\seed_42\clip_epsilon_g5_0p3_pbir.yaml,4307b95fa971760570ceb08aac97bd3297218a12a57df6f27d6f9ded61395885,${PROJECT_ROOT}\results\stage_a_tuning\portfolio_5stocks\W1\seed_42\trials\clip_epsilon_g5_0p3\pbir,completed,0,0.7931995521674287,2,3.469891919635774,3.2954485766571073,5.2774033165801875,16.80080895659273,1968.7940495999064,20,20,1.0,0,${PROJECT_ROOT}\configs\_paired_hparam_sweep\portfolio_5stocks\W1\seed_42\clip_epsilon_g5_0p3_pure_gift.yaml,29b51fc9cb7240417482854a7f1dc0861cac2a72df1c85e3f79ff6e7650a86d9,${PROJECT_ROOT}\results\stage_a_tuning\portfolio_5stocks\W1\seed_42\trials\clip_epsilon_g5_0p3\pure_gift,-0.3668186324115297,-0.5284110996551679,-3.438721072572438,-0.3635694177632933,0.3635694177632933
portfolio_5stocks,W1,entropy_coef_g1_0,entropy_coef,1,0.0,42,completed,${PROJECT_ROOT}\data\portfolio_5stocks.pkl,"{""actor_lr"":0.0005,""clip_epsilon"":0.3,""epochs_per_update"":10,""max_episodes"":50}",pbir>pure_gift,completed,0,1.1837184604423374,3,4.271083424535557,4.307750813332409,5.744152215719346,23.592330208676458,1776.228889200138,20,20,1.0,0,${PROJECT_ROOT}\configs\_paired_hparam_sweep\portfolio_5stocks\W1\seed_42\entropy_coef_g1_0_pbir.yaml,237135358c62ddeccec44cb67f129f86796e129c9652bb8cbb85d3fb7051042d,${PROJECT_ROOT}\results\stage_a_tuning\portfolio_5stocks\W1\seed_42\trials\entropy_coef_g1_0\pbir,completed,0,0.9898343605997422,3,1.725000814042571,1.2802162373010728,4.640215368972878,6.703044824580906,1802.2559265000746,20,20,1.0,0,${PROJECT_ROOT}\configs\_paired_hparam_sweep\portfolio_5stocks\W1\seed_42\entropy_coef_g1_0_pure_gift.yaml,b500d858407eda0121cab9756ca7e76fc9fe74f554c2bedd195f24d839c9f29f,${PROJECT_ROOT}\results\stage_a_tuning\portfolio_5stocks\W1\seed_42\trials\entropy_coef_g1_0\pure_gift,2.546082610492986,3.027534576031336,16.88928538409555,1.1039368467464685,-1.1039368467464685
portfolio_5stocks,W1,entropy_coef_g2_0p001,entropy_coef,2,0.001,42,completed,${PROJECT_ROOT}\data\portfolio_5stocks.pkl,"{""actor_lr"":0.0005,""clip_epsilon"":0.3,""epochs_per_update"":10,""max_episodes"":50}",pure_gift>pbir,completed,0,1.0133048567247782,4,2.564712929754908,2.148051790869277,5.071185701534038,10.74712274302887,2150.7973201998975,20,20,1.0,0,${PROJECT_ROOT}\configs\_paired_hparam_sweep\portfolio_5stocks\W1\seed_42\entropy_coef_g2_0p001_pbir.yaml,caaa94afd526093e1afb35fc65a960297fa196b317a98788f4160e3b474262fd,${PROJECT_ROOT}\results\stage_a_tuning\portfolio_5stocks\W1\seed_42\trials\entropy_coef_g2_0p001\pbir,completed,0,1.008108276008984,3,4.523921039378693,4.926344508627627,5.901145606823013,27.612497781404755,1798.6820621001534,20,20,1.0,0,${PROJECT_ROOT}\configs\_paired_hparam_sweep\portfolio_5stocks\W1\seed_42\entropy_coef_g2_0p001_pure_gift.yaml,1521ed935376b1996e5a8ed2e2782d8db91062954e728f70222eaccbc686cd72,${PROJECT_ROOT}\results\stage_a_tuning\portfolio_5stocks\W1\seed_42\trials\entropy_coef_g2_0p001\pure_gift,-1.959208109623785,-2.7782927177583505,-16.865375038375888,-0.829959905288975,0.829959905288975
portfolio_5stocks,W1,entropy_coef_g3_0p005,entropy_coef,3,0.005,42,completed,${PROJECT_ROOT}\data\portfolio_5stocks.pkl,"{""actor_lr"":0.0005,""clip_epsilon"":0.3,""epochs_per_update"":10,""max_episodes"":50}",pbir>pure_gift,completed,0,0.9691506205474532,5,2.821279762347341,2.2949871894311373,3.3876567195495846,9.750646917262218,2105.628119100118,20,20,1.0,0,${PROJECT_ROOT}\configs\_paired_hparam_sweep\portfolio_5stocks\W1\seed_42\entropy_coef_g3_0p005_pbir.yaml,5c48545f20e0f62b618d419a5b7407ff2d1e96be31b49c172ed82a5f6f7e055f,${PROJECT_ROOT}\results\stage_a_tuning\portfolio_5stocks\W1\seed_42\trials\entropy_coef_g3_0p005\pbir,completed,0,1.0249319260971954,3,1.7456360185337338,1.3073758698045435,4.3144979131201096,5.930874682791787,2127.2110775001347,20,20,1.0,0,${PROJECT_ROOT}\configs\_paired_hparam_sweep\portfolio_5stocks\W1\seed_42\entropy_coef_g3_0p005_pure_gift.yaml,8032b2bc91ab1bfa250d504952f295eeb5be357d2bc97e905302ec389d749950,${PROJECT_ROOT}\results\stage_a_tuning\portfolio_5stocks\W1\seed_42\trials\entropy_coef_g3_0p005\pure_gift,1.075643743813607,0.9876113196265939,3.819772234470431,-0.926841193570525,0.926841193570525
portfolio_5stocks,W1,entropy_coef_g4_0p01,entropy_coef,4,0.01,42,completed,${PROJECT_ROOT}\data\portfolio_5stocks.pkl,"{""actor_lr"":0.0005,""clip_epsilon"":0.3,""epochs_per_update"":10,""max_episodes"":50}",pure_gift>pbir,completed,0,1.1905325148662418,2,2.302265459306521,1.9608582556729763,3.3540536066194955,7.324655430532934,1864.3616400000174,20,20,1.0,0,${PROJECT_ROOT}\configs\_paired_hparam_sweep\portfolio_5stocks\W1\seed_42\entropy_coef_g4_0p01_pbir.yaml,4307b95fa971760570ceb08aac97bd3297218a12a57df6f27d6f9ded61395885,${PROJECT_ROOT}\results\stage_a_tuning\portfolio_5stocks\W1\seed_42\trials\entropy_coef_g4_0p01\pbir,completed,0,0.9817330078268801,3,1.1340592643748397,0.8949029819148752,3.081205408025083,3.0348180319385243,2129.711956499843,20,20,1.0,0,${PROJECT_ROOT}\configs\_paired_hparam_sweep\portfolio_5stocks\W1\seed_42\entropy_coef_g4_0p01_pure_gift.yaml,29b51fc9cb7240417482854a7f1dc0861cac2a72df1c85e3f79ff6e7650a86d9,${PROJECT_ROOT}\results\stage_a_tuning\portfolio_5stocks\W1\seed_42\trials\entropy_coef_g4_0p01\pure_gift,1.1682061949316813,1.0659552737581013,4.289837398594409,0.27284819859441267,-0.27284819859441267
portfolio_5stocks,W1,entropy_coef_g5_0p02,entropy_coef,5,0.02,42,completed,${PROJECT_ROOT}\data\portfolio_5stocks.pkl,"{""actor_lr"":0.0005,""clip_epsilon"":0.3,""epochs_per_update"":10,""max_episodes"":50}",pbir>pure_gift,completed,0,1.218273844570249,5,2.563990356372512,2.2504277148705736,4.940817651615089,10.461314918934338,1981.1081264000386,20,20,1.0,0,${PROJECT_ROOT}\configs\_paired_hparam_sweep\portfolio_5stocks\W1\seed_42\entropy_coef_g5_0p02_pbir.yaml,c1cbe7cca5cc51dd3ba5e96ea7c290345df257ef6e502b74700ccd0d38bdbfed,${PROJECT_ROOT}\results\stage_a_tuning\portfolio_5stocks\W1\seed_42\trials\entropy_coef_g5_0p02\pbir,completed,0,0.861714626962499,5,3.0103019322711524,2.6121102342104123,3.9645920662962886,11.181414277656753,1796.5813448999543,20,20,0.9333333333333333,0,${PROJECT_ROOT}\configs\_paired_hparam_sweep\portfolio_5stocks\W1\seed_42\entropy_coef_g5_0p02_pure_gift.yaml,a46c09b5921fbcb7915134f4594169488275505a4d3ca38e85a24858f2693038,${PROJECT_ROOT}\results\stage_a_tuning\portfolio_5stocks\W1\seed_42\trials\entropy_coef_g5_0p02\pure_gift,-0.44631157589864046,-0.36168251933983875,-0.7200993587224147,0.9762255853188004,-0.9762255853188004

