dataset,window,method,seed,method_label,test_total_return,test_sharpe,test_sortino,test_max_drawdown,test_calmar
portfolio_5stocks,W1,pure_gift,42,Pure GIFT,-1.9148226895123632,-0.11104849584145014,-0.11102773974773936,14.617566263877663,-0.1620789225395815
portfolio_5stocks,W1,pure_gift,123,Pure GIFT,-1.9893914351155617,-0.06756052742403618,-0.07708782437299713,16.40605432894426,-0.10355003065347644
portfolio_5stocks,W1,pure_gift,456,Pure GIFT,3.0311539573216084,0.521474997477001,0.5075932829613862,10.178117013980833,0.8346837117866384
portfolio_5stocks,W1,pbir,42,PBIR-GIFT,-0.32127115189816147,0.044681082826008314,0.043147119342451565,11.855517692489192,0.06653060994564969
portfolio_5stocks,W1,pbir,123,PBIR-GIFT,-0.007605858313652902,0.09142091126160691,0.0957804273274901,12.877890830955648,0.13196512458115636
portfolio_5stocks,W1,pbir,456,PBIR-GIFT,2.9880737647187017,0.4356143523952972,0.44523981073853336,14.009841898893407,0.6689979117130658
portfolio_5stocks,W1,sma,deterministic,SMA,-8.432975362552098,-0.8023906452265266,-0.76410799482066,18.345371363643594,-1.0069642008773585
portfolio_5stocks,W1,wma,deterministic,WMA,-14.084739254103873,-1.8470080181377166,-1.6899723009598453,20.368548750571684,-1.7007337281540824
portfolio_5stocks,W1,atr,deterministic,ATR,-5.888031127498894,-0.8407490174661045,-0.7437059608528626,15.583763867564873,-0.8536787984266341
portfolio_5stocks,W1,bollinger,deterministic,Bollinger Bands,5.180999311361911,1.064644847664423,0.9395387485843654,7.452648540566928,1.724901345623359
portfolio_5stocks,W1,turn_of_month,deterministic,Turn-of-the-Month,-2.1400903769647983,-0.47886346035280264,-0.2065460337410816,7.192554617822856,-0.6542697120011675
portfolio_5stocks,W1,xgboost,42,XGBoost,-1.5144299191379162,0.029774371276756487,0.033354842700172915,16.5226325961983,0.05459799238343642
portfolio_5stocks,W1,xgboost,123,XGBoost,-2.66631178648995,-0.09111453570473473,-0.09311208029433875,18.732064130289213,-0.13635863751070484
portfolio_5stocks,W1,xgboost,456,XGBoost,7.934709592334688,0.8146298653567681,0.8402290652364336,13.652591229309671,1.607943024112668
portfolio_5stocks,W2,pure_gift,42,Pure GIFT,14.10190639336788,2.331324184507558,2.412759335594729,5.904752297578841,5.531373030307637
portfolio_5stocks,W2,pure_gift,123,Pure GIFT,15.855549612625985,1.9789014119013317,2.0120595606023555,9.245227884520144,4.0128059637023075
portfolio_5stocks,W2,pure_gift,456,Pure GIFT,14.32866217453428,1.9716106666922841,1.978269260462674,8.32518717325613,4.0371104115989045
portfolio_5stocks,W2,pbir,42,PBIR-GIFT,14.204811845915932,2.1276146972263588,2.108658025557929,8.872953295881516,3.7316151121323466
portfolio_5stocks,W2,pbir,123,PBIR-GIFT,9.79253098343218,2.0508528011197042,2.0648984975247098,6.948239678788995,3.319305232969024
portfolio_5stocks,W2,pbir,456,PBIR-GIFT,13.118934299082019,1.8422334798246809,1.7165155827403138,9.323594552939852,3.3271836361381495
portfolio_5stocks,W2,sma,deterministic,SMA,26.436865571845015,1.96893407830685,1.8936585938841846,18.78639500389718,3.257678461636726
portfolio_5stocks,W2,wma,deterministic,WMA,21.945786317914283,1.761501367354234,1.676420304880725,17.453199347021098,2.9813155649457213
portfolio_5stocks,W2,atr,deterministic,ATR,24.966888172480118,2.621959069841437,2.6670782691727415,9.804496648738835,5.690864091147114
portfolio_5stocks,W2,bollinger,deterministic,Bollinger Bands,9.795150095256977,1.214005401753025,1.404886380699382,10.032145813031937,2.436759478632165
portfolio_5stocks,W2,turn_of_month,deterministic,Turn-of-the-Month,3.8654786479275005,1.2962413572345808,0.6885753299111821,3.453149330828392,2.711808558564092
portfolio_5stocks,W2,xgboost,42,XGBoost,24.098632216406735,2.2938292839080057,2.40566066606943,8.81939762443762,6.202678883294124
portfolio_5stocks,W2,xgboost,123,XGBoost,33.925407312189115,3.0667338093872183,3.110537280641873,9.583838440602644,7.620364227730299
portfolio_5stocks,W2,xgboost,456,XGBoost,17.56840337478387,1.7116337046496988,1.80212978563132,8.898011587437942,4.7030672833272025
portfolio_5stocks,W3,pure_gift,42,Pure GIFT,-22.45720842703143,-1.5055742689055573,-1.362115605824184,31.419477074776008,-1.7305927507651053
portfolio_5stocks,W3,pure_gift,123,Pure GIFT,-16.325338052221994,-1.1762011405196182,-1.0688746898837551,25.354760804773658,-1.4832173337771175
portfolio_5stocks,W3,pure_gift,456,Pure GIFT,-30.48904314232391,-1.6353271072667128,-1.442649120350151,37.58832387890194,-2.0246195149924637
portfolio_5stocks,W3,pbir,42,PBIR-GIFT,-14.207450506483799,-0.8880911801974841,-0.832283464856239,23.902303194516126,-1.2859726058376786
portfolio_5stocks,W3,pbir,123,PBIR-GIFT,-20.83548664526338,-1.3257388234767769,-1.1570443806966255,28.950366711891824,-1.6945324149242376
portfolio_5stocks,W3,pbir,456,PBIR-GIFT,-25.974544071036753,-1.267576942184376,-1.1520817150483185,36.65290392155884,-1.651441348796415
portfolio_5stocks,W3,sma,deterministic,SMA,-19.084408932596574,-1.8620784518436206,-1.4504432894255082,24.20299999771027,-1.9613675401998572
portfolio_5stocks,W3,wma,deterministic,WMA,-18.405392308288537,-2.0673677864340485,-1.4385919353190046,22.057340313371494,-2.095495431003716
portfolio_5stocks,W3,atr,deterministic,ATR,-28.56205170655245,-2.797137195621523,-2.444077541428374,32.183082873907836,-2.3863870864225665
portfolio_5stocks,W3,bollinger,deterministic,Bollinger Bands,-10.642219772056249,-0.9902729797275965,-0.8835984153963629,19.913447438197128,-1.2080141519155967
portfolio_5stocks,W3,turn_of_month,deterministic,Turn-of-the-Month,-10.838943051302829,-1.3644748464556329,-0.717602587482287,15.229806760923854,-1.6893312790247794
portfolio_5stocks,W3,xgboost,42,XGBoost,-33.19235599531643,-1.3490755322648111,-1.195799482710771,42.69540391190206,-1.8492358155293867
portfolio_5stocks,W3,xgboost,123,XGBoost,-28.28841857077541,-1.1431419990446356,-1.0419431295629906,39.85717525701497,-1.601293320547288
portfolio_5stocks,W3,xgboost,456,XGBoost,-33.124659452142325,-1.304967713312225,-1.1489717218531281,44.40124050548416,-1.7541717374087913
portfolio_5stocks,W4,pure_gift,42,Pure GIFT,-9.900952800299223,-0.7715803427842326,-0.8529249864456676,15.653781757350252,-1.3566155956535395
portfolio_5stocks,W4,pure_gift,123,Pure GIFT,-14.396936465877275,-1.3324591290468182,-1.5121063992809856,19.152512334122004,-1.7771845697115156
portfolio_5stocks,W4,pure_gift,456,Pure GIFT,0.23570127272400931,0.17428976341659466,0.1988225862533966,12.885167681078421,0.4257048839401673
portfolio_5stocks,W4,pbir,42,PBIR-GIFT,-19.181801719869895,-1.4166491163961898,-1.5309774238276244,26.222949145789286,-1.748548749765866
portfolio_5stocks,W4,pbir,123,PBIR-GIFT,-13.096933614623751,-1.7359056444847163,-1.8326073795656417,17.381971557713623,-1.8395951316438965
portfolio_5stocks,W4,pbir,456,PBIR-GIFT,-3.196660267972151,-0.1614557800996022,-0.17594547551191442,11.916510784312727,-0.35959699504936793
portfolio_5stocks,W4,sma,deterministic,SMA,8.73438491698022,0.6522297697832171,0.7711658389051653,25.448692324150024,1.2504427039221377
portfolio_5stocks,W4,wma,deterministic,WMA,-3.5726525402161813,0.0024323730487796945,0.0025092460312477896,21.40113246698329,0.004779014117519946
portfolio_5stocks,W4,atr,deterministic,ATR,-13.331615126978491,-0.9075358297949269,-0.9345246710476091,25.1535508811831,-1.159961333214552
portfolio_5stocks,W4,bollinger,deterministic,Bollinger Bands,-9.691255775623997,-0.7960624239276204,-0.7554663605893989,16.555664030585273,-1.2693342986437448
portfolio_5stocks,W4,turn_of_month,deterministic,Turn-of-the-Month,-13.944996772227325,-2.5329905170520277,-1.1777928656518222,16.972645671836244,-2.0649251231843593
portfolio_5stocks,W4,xgboost,42,XGBoost,-47.274704610871964,-2.8270427688399167,-2.5515465869224827,54.189187368832414,-2.596307247143863
portfolio_5stocks,W4,xgboost,123,XGBoost,-43.7436011226347,-2.509548089544182,-2.340864909258391,51.11986173207579,-2.448462510924891
portfolio_5stocks,W4,xgboost,456,XGBoost,-34.89558954917277,-1.9057836956714787,-1.8280024232286864,43.66633173237808,-2.0901518372561845
portfolio_5stocks,W5,pure_gift,42,Pure GIFT,24.925244082687527,3.3177731170889326,3.6556643427999425,6.969121415762249,7.8676249113538725
portfolio_5stocks,W5,pure_gift,123,Pure GIFT,20.40365576993992,2.598275886694658,2.9736784688770093,10.442003503294185,4.422402005175285
portfolio_5stocks,W5,pure_gift,456,Pure GIFT,20.57954790280936,2.702617873544313,2.841386410763572,8.827813188054574,5.259236395840149
portfolio_5stocks,W5,pbir,42,PBIR-GIFT,32.695882722460134,3.108099423439444,3.1163429786926597,10.97922674475703,6.426686561650841
portfolio_5stocks,W5,pbir,123,PBIR-GIFT,14.842591844946341,2.127523885528309,2.4351626789966376,11.236073740641633,3.0751262780962363
portfolio_5stocks,W5,pbir,456,PBIR-GIFT,33.79907222580201,3.007405836471797,3.1527118882836094,12.743461692307632,5.721611621995778
portfolio_5stocks,W5,sma,deterministic,SMA,16.76091711840524,1.3532287335823576,1.4485949909076894,19.308054472574007,2.176158875725337
portfolio_5stocks,W5,wma,deterministic,WMA,25.844291352671746,1.9323978317510775,1.910093239198767,18.468596146421817,3.2521561293266408
portfolio_5stocks,W5,atr,deterministic,ATR,20.130561590747664,1.7523495951974633,1.7121947840712968,16.50584617884534,2.894194790179031
portfolio_5stocks,W5,bollinger,deterministic,Bollinger Bands,40.12718449405786,3.4810569888891623,4.009376183598592,4.607030693215792,18.23128950623823
portfolio_5stocks,W5,turn_of_month,deterministic,Turn-of-the-Month,4.54657668008982,1.1955467035619194,0.8513263532257164,3.3595979413048918,3.3041529634448445
portfolio_5stocks,W5,xgboost,42,XGBoost,24.66611518067743,2.068591561063007,2.365504032151241,17.847068042171763,3.1778409245394763
portfolio_5stocks,W5,xgboost,123,XGBoost,13.498440697409908,1.0865849463343582,1.1555368054756476,27.535742497795834,1.3025497142245992
portfolio_5stocks,W5,xgboost,456,XGBoost,5.477097950322385,0.5944208816722943,0.6120190655113865,24.808818271981107,0.6780264122080844
portfolio_5stocks,W6,pure_gift,42,Pure GIFT,2.83728138309145,0.5522990969431306,0.5093894258603131,10.183304616558091,0.7631638613190876
portfolio_5stocks,W6,pure_gift,123,Pure GIFT,2.474692286619651,0.48513882628124305,0.4349186265200583,11.530754855954472,0.6029334625931516
portfolio_5stocks,W6,pure_gift,456,Pure GIFT,7.892046246635043,1.1231244206500697,1.1206229816509077,12.398272915225373,1.6129059203007992
portfolio_5stocks,W6,pbir,42,PBIR-GIFT,9.092456626207657,1.4782532029073847,1.4081245385095527,7.7763687175450995,2.8582456373366147
portfolio_5stocks,W6,pbir,123,PBIR-GIFT,7.779173039200082,1.3364978805478762,1.327286482513776,7.414348270474905,2.5879362929509213
portfolio_5stocks,W6,pbir,456,PBIR-GIFT,6.979895769665956,1.0091386628277697,0.9840393324771317,12.63346385639999,1.4194041326801543
portfolio_5stocks,W6,sma,deterministic,SMA,-15.451745570476373,-1.3198297869561004,-1.0919887757819546,29.95432415976679,-1.2248426123685492
portfolio_5stocks,W6,wma,deterministic,WMA,-9.174083355973472,-0.6828875184137932,-0.5814195649975115,24.671443635867014,-0.780731465674155
portfolio_5stocks,W6,atr,deterministic,ATR,9.881356339836845,1.1932419714488656,1.2731793491426593,13.824542665961696,1.8107307162104376
portfolio_5stocks,W6,bollinger,deterministic,Bollinger Bands,-0.2922820664702508,0.04507292646854192,0.04206477519555067,10.35698901433392,0.07512157235231291
portfolio_5stocks,W6,turn_of_month,deterministic,Turn-of-the-Month,7.580531708343874,2.346194378410213,1.236394254918131,2.719177152088049,6.62150245263591
portfolio_5stocks,W6,xgboost,42,XGBoost,-12.799212332643627,-1.20711655484984,-1.1269919778293644,22.54258416647133,-1.3330954053181996
portfolio_5stocks,W6,xgboost,123,XGBoost,-5.3960434003667785,-0.4026879435683332,-0.43108009222779126,19.67725103719038,-0.519934158369556
portfolio_5stocks,W6,xgboost,456,XGBoost,1.7014868872492261,0.2903278692146512,0.302841164932966,16.38815757894558,0.4218716403180583
portfolio_5stocks2,W1,pure_gift,42,Pure GIFT,12.503565192489429,2.5428554294137995,2.4872776483985697,3.5232480634442322,8.213740848088243
portfolio_5stocks2,W1,pure_gift,123,Pure GIFT,15.272375901169056,2.8823922108402633,2.9847650969931574,4.7374932659030184,7.359282695017499
portfolio_5stocks2,W1,pure_gift,456,Pure GIFT,13.23338727559802,2.954279683815868,3.1997922839918753,2.5878271703900344,11.736708475727372
portfolio_5stocks2,W1,pbir,42,PBIR-GIFT,12.930180047497686,2.903437121289488,3.2126448986200167,2.9499188832682735,10.076253184134265
portfolio_5stocks2,W1,pbir,123,PBIR-GIFT,10.545110637921118,2.4952671324585345,2.600605401346382,3.8366132227224217,6.400447160088474
portfolio_5stocks2,W1,pbir,456,PBIR-GIFT,12.212471800916823,2.6747558813449577,2.8164112752172032,3.232214127961798,8.7323885460501
portfolio_5stocks2,W1,sma,deterministic,SMA,11.38696738958711,1.4857934488630369,1.650335104105241,10.271978825937412,2.6887809641833
portfolio_5stocks2,W1,wma,deterministic,WMA,8.569643499768919,1.128200970963761,1.2124419855176012,12.432233869879102,1.7345085658720885
portfolio_5stocks2,W1,atr,deterministic,ATR,7.598526791994176,1.0821835209145279,1.038203417610345,9.813553222172672,1.951004024220237
portfolio_5stocks2,W1,bollinger,deterministic,Bollinger Bands,16.52210903629929,1.845611194450967,2.1296226968619383,6.29570639940532,6.184962021977592
portfolio_5stocks2,W1,turn_of_month,deterministic,Turn-of-the-Month,7.6396710235451915,2.805035051963827,1.8317922572980192,2.657756754051008,6.726234583416108
portfolio_5stocks2,W1,xgboost,42,XGBoost,14.413701109105759,2.395126927246293,2.585174192781664,5.321521781913603,6.258168446599242
portfolio_5stocks2,W1,xgboost,123,XGBoost,14.2384080715509,2.2672224432753705,2.4293576410662467,5.052329101025761,6.537107596488855
portfolio_5stocks2,W1,xgboost,456,XGBoost,21.814317648005456,3.1739076146672858,3.628531640186716,5.87548389450228,8.266307597435008
portfolio_5stocks2,W2,pure_gift,42,Pure GIFT,1.249856784987724,0.33264151716845114,0.30408793890694624,6.6983967570391725,0.5303009289311285
portfolio_5stocks2,W2,pure_gift,123,Pure GIFT,-0.8824532514537964,-0.12824772555251923,-0.11935559642249108,6.749410266888393,-0.21768886294359055
portfolio_5stocks2,W2,pure_gift,456,Pure GIFT,4.543081813893557,0.9344333584435186,0.8938609365975856,4.967722896174042,2.297077412197775
portfolio_5stocks2,W2,pbir,42,PBIR-GIFT,5.068022026313401,1.101367527056962,1.0861339459672785,4.201841229853768,2.9783110915680284
portfolio_5stocks2,W2,pbir,123,PBIR-GIFT,4.365403128518897,0.8233874963263607,0.8579946241505106,6.287801592125445,1.7778403274405281
portfolio_5stocks2,W2,pbir,456,PBIR-GIFT,6.071666814533816,1.2181512386529378,1.1367523940267052,4.4793997584790715,3.326357185941078
portfolio_5stocks2,W2,sma,deterministic,SMA,1.5418989783299253,0.28941930706405095,0.2670806597226762,9.397960507867186,0.5801625496577001
portfolio_5stocks2,W2,wma,deterministic,WMA,2.038632109645744,0.3565280313058625,0.326917206109609,9.011391322505721,0.7230321610116129
portfolio_5stocks2,W2,atr,deterministic,ATR,0.9152163874381003,0.21881495312386104,0.21214841346673344,8.71651672137578,0.38790165408046506
portfolio_5stocks2,W2,bollinger,deterministic,Bollinger Bands,-8.21173635702821,-1.2842078813412638,-1.3552961157079761,8.907799162504638,-2.1796828596418276
portfolio_5stocks2,W2,turn_of_month,deterministic,Turn-of-the-Month,4.859276201285745,2.2361681660134263,1.587512380272223,2.0929768282454346,5.505321634464465
portfolio_5stocks2,W2,xgboost,42,XGBoost,5.951927111282851,0.9572822748398077,0.9746874217695206,5.088175656420863,2.9732942646644083
portfolio_5stocks2,W2,xgboost,123,XGBoost,4.361685353947742,0.7279456838598398,0.7704803532269064,5.401291904757088,2.1281659382826996
portfolio_5stocks2,W2,xgboost,456,XGBoost,3.769005599338593,0.6583576999099788,0.6678434041229311,5.383425883023816,1.8661372918548835
portfolio_5stocks2,W3,pure_gift,42,Pure GIFT,-2.757400592629511,-0.16566369487094532,-0.14435010361271655,10.91228986503253,-0.35817385686333914
portfolio_5stocks2,W3,pure_gift,123,Pure GIFT,-7.04329179256673,-0.5340102527970949,-0.4409244530068397,18.62334065555084,-0.7537591680367102
portfolio_5stocks2,W3,pure_gift,456,Pure GIFT,-6.80011230563744,-0.5623335327255665,-0.47206713911459797,16.88995452184431,-0.8196599565359369
portfolio_5stocks2,W3,pbir,42,PBIR-GIFT,-9.085207087542258,-0.7852970643940659,-0.6686597285569921,16.412163071891875,-1.1993142363538223
portfolio_5stocks2,W3,pbir,123,PBIR-GIFT,-0.4369951722499321,0.09018060115460214,0.0801793607014304,16.534144549357325,0.14173622129575367
portfolio_5stocks2,W3,pbir,456,PBIR-GIFT,1.0961446662071994,0.23270140655719262,0.19929061536420767,11.102542240220634,0.40164605887505844
portfolio_5stocks2,W3,sma,deterministic,SMA,-1.0657000311585119,0.09966149019196847,0.08930357592322663,18.529488375219536,0.1862064225256699
portfolio_5stocks2,W3,wma,deterministic,WMA,-1.1083410070032995,0.09654355050267348,0.08763120581596008,18.43965851590405,0.18118236050843015
portfolio_5stocks2,W3,atr,deterministic,ATR,-8.400814427212966,-0.4649299655022482,-0.4191325365081899,21.14451366166034,-0.7319779032545727
portfolio_5stocks2,W3,bollinger,deterministic,Bollinger Bands,-7.30518566546654,-0.5280453227422524,-0.4120084577312552,17.305410237154746,-0.8337473411813471
portfolio_5stocks2,W3,turn_of_month,deterministic,Turn-of-the-Month,2.29079206306555,0.5451536821577996,0.2836894140440772,4.173767990896858,1.4506871602217817
portfolio_5stocks2,W3,xgboost,42,XGBoost,-29.77982648656461,-2.3163066119362026,-1.9309538124785848,33.29387763538847,-2.3673335071591324
portfolio_5stocks2,W3,xgboost,123,XGBoost,-24.740526125428573,-1.7642875152817084,-1.4709320554830605,27.08724198016984,-2.2838520542555267
portfolio_5stocks2,W3,xgboost,456,XGBoost,-25.335759205923424,-1.918497308073246,-1.643377295445417,29.479436104797056,-2.1816658632511983
portfolio_5stocks2,W4,pure_gift,42,Pure GIFT,-7.307462646201679,-0.8378740394372658,-0.9038638193939044,10.439952986193171,-1.5627563644306015
portfolio_5stocks2,W4,pure_gift,123,Pure GIFT,-0.5036977941040299,0.04143061147681898,0.04355351239888378,11.857348392497922,0.07090068349356039
portfolio_5stocks2,W4,pure_gift,456,Pure GIFT,2.0933871612326405,0.3968579245853632,0.418952493258652,7.951264260894396,0.7781165670638859
portfolio_5stocks2,W4,pbir,42,PBIR-GIFT,-3.2836405880788955,-0.3883382468455505,-0.39199833657237027,8.770449920435889,-0.7499152974286587
portfolio_5stocks2,W4,pbir,123,PBIR-GIFT,-3.231445327936211,-0.27024229673579364,-0.3067728841845553,12.537111597686671,-0.45308895267908
portfolio_5stocks2,W4,pbir,456,PBIR-GIFT,-2.1769453292975083,-0.19179298434601225,-0.19471057965737137,9.426723048311896,-0.3776905947818568
portfolio_5stocks2,W4,sma,deterministic,SMA,11.029469021338567,1.0164852903637278,1.0680791394598543,22.517842918199772,1.2996888728055924
portfolio_5stocks2,W4,wma,deterministic,WMA,-1.3647232948490462,-0.011840824707800705,-0.011009495302053564,20.311448310315708,-0.014268086113962982
portfolio_5stocks2,W4,atr,deterministic,ATR,-2.528412182427231,-0.1598529076310411,-0.16112762839933858,19.531503808663615,-0.18448406355611904
portfolio_5stocks2,W4,bollinger,deterministic,Bollinger Bands,-3.3299272538103275,-0.3173579973252488,-0.30387739476119385,12.772989309598243,-0.4865294168219299
portfolio_5stocks2,W4,turn_of_month,deterministic,Turn-of-the-Month,-3.179943605871105,-0.7009649892676094,-0.35759526498036937,7.398260001417796,-0.9763955380085246
portfolio_5stocks2,W4,xgboost,42,XGBoost,0.3482904931408015,0.18215884745272123,0.21192438421654283,11.09497485585842,0.5184046895230189
portfolio_5stocks2,W4,xgboost,123,XGBoost,0.1556262345338233,0.17824389972836777,0.20133794592211082,14.043645727587078,0.4304047452260431
portfolio_5stocks2,W4,xgboost,456,XGBoost,0.4157829624900522,0.19450154210067427,0.2201065400577123,15.016301068739429,0.43168872976659967
portfolio_5stocks2,W5,pure_gift,42,Pure GIFT,13.48537241222978,2.3795262204072283,2.6213275070957223,7.227646422920028,4.322385815979413
portfolio_5stocks2,W5,pure_gift,123,Pure GIFT,3.783787186402532,0.8767297248237322,0.9125684216510619,6.454516089289064,1.472287731223902
portfolio_5stocks2,W5,pure_gift,456,Pure GIFT,12.617325274722635,2.343264149771573,2.5938233292758586,7.923847855067074,3.699688885643092
portfolio_5stocks2,W5,pbir,42,PBIR-GIFT,6.646704761181099,1.4704231234730856,1.6067632683895883,6.773736467203262,2.3684793808771794
portfolio_5stocks2,W5,pbir,123,PBIR-GIFT,10.846345303185046,1.9011519627476108,2.0728913904678725,7.6569137985849824,3.3476841064520433
portfolio_5stocks2,W5,pbir,456,PBIR-GIFT,12.664964656094856,2.058226631378188,2.231164138748806,7.105458463509572,4.176032532868139
portfolio_5stocks2,W5,sma,deterministic,SMA,17.411542505621558,1.9097096040946864,2.180725751721571,9.571690527425512,4.265930085516051
portfolio_5stocks2,W5,wma,deterministic,WMA,21.791450020770476,2.2549157439291587,2.4655029495159875,10.645255994400873,4.677521573046225
portfolio_5stocks2,W5,atr,deterministic,ATR,2.703671795525797,0.41714732266040705,0.4291983713744417,15.881738414288945,0.532848970013276
portfolio_5stocks2,W5,bollinger,deterministic,Bollinger Bands,6.92141911480928,0.8248963226771115,0.8883165605289761,9.793622818490052,1.9000372333396855
portfolio_5stocks2,W5,turn_of_month,deterministic,Turn-of-the-Month,3.692444852226351,1.1336942011411042,0.7706231284879895,4.201302848345726,2.146520467990388
portfolio_5stocks2,W5,xgboost,42,XGBoost,-8.275487337915644,-0.9318733283987662,-0.8936458702862777,17.04069189455272,-1.0976022312401945
portfolio_5stocks2,W5,xgboost,123,XGBoost,-13.801525039455665,-1.517420185545237,-1.353821607276871,20.77575921297522,-1.5981995696002125
portfolio_5stocks2,W5,xgboost,456,XGBoost,-10.610619225677475,-1.3912414979081897,-1.3692386697099956,17.524692692900558,-1.4412313450348542
portfolio_5stocks2,W6,pure_gift,42,Pure GIFT,5.121475295313305,1.0535587332733407,0.9679592085144383,9.757029133267496,1.316968377185467
portfolio_5stocks2,W6,pure_gift,123,Pure GIFT,6.119614480013369,1.2545479639437078,1.1505201081396634,7.780749944065324,1.943803967045673
portfolio_5stocks2,W6,pure_gift,456,Pure GIFT,3.984118938824488,0.8949421620372366,0.8560839002767062,8.689669769979421,1.1629759318519328
portfolio_5stocks2,W6,pbir,42,PBIR-GIFT,4.729393156630279,1.0952086134155314,1.0063691246964828,9.757214982230341,1.2071632645284225
portfolio_5stocks2,W6,pbir,123,PBIR-GIFT,4.939302843215776,1.0355426214995893,0.9442287391907996,8.644269033039771,1.43479630584567
portfolio_5stocks2,W6,pbir,456,PBIR-GIFT,2.341056728268631,0.5958655160086012,0.6065359690856934,7.962599466277758,0.7708381618319827
portfolio_5stocks2,W6,sma,deterministic,SMA,8.37363469924146,1.10462077772469,1.0651034543964573,11.970439660152552,1.7845751619127725
portfolio_5stocks2,W6,wma,deterministic,WMA,9.212324549728512,1.1372894324535054,1.058974566722244,13.526612747949066,1.737435245769773
portfolio_5stocks2,W6,atr,deterministic,ATR,14.19735093352057,1.8004198665371287,1.6823578673932666,12.288687016977507,2.7644634804474335
portfolio_5stocks2,W6,bollinger,deterministic,Bollinger Bands,10.754652913736052,1.4780645143216569,1.5421599363091192,13.563394515486271,1.9419447589031362
portfolio_5stocks2,W6,turn_of_month,deterministic,Turn-of-the-Month,1.2206892808137582,0.5743327148015794,0.3363605505540809,2.476088374530081,1.2454323166085872
portfolio_5stocks2,W6,xgboost,42,XGBoost,6.881941668414493,0.945222994973173,0.9813334509741295,8.808970180647844,2.035527090693825
portfolio_5stocks2,W6,xgboost,123,XGBoost,4.406388859035326,0.6327517137827559,0.6262924060904881,12.481025076622899,0.9905169585487222
portfolio_5stocks2,W6,xgboost,456,XGBoost,4.986275997758449,0.7120822736060184,0.6972892044841167,11.893895764302417,1.1459260235912125
