dataset,window,method,method_label,n_runs,deterministic,mean_test_total_return,run_sd_test_total_return,mean_test_sharpe,run_sd_test_sharpe,mean_test_sortino,run_sd_test_sortino,mean_test_max_drawdown,run_sd_test_max_drawdown,mean_test_calmar,run_sd_test_calmar
portfolio_5stocks,W1,pbir,PBIR-GIFT,3,False,0.8863989181689624,1.8268482010185647,0.19057211549430417,0.2134957289728043,0.19472245246949169,0.21854467820776718,12.914416807446083,1.0776264690484003,0.28916454874662395,0.3305683842160252
portfolio_5stocks,W1,pure_gift,Pure GIFT,3,False,-0.29102005576877216,2.8773286663839768,0.11428865807050488,0.3533034631852838,0.10649257294688323,0.34777767919249064,13.73391253560092,3.2066234162123735,0.18968491953119346,0.5593514005565648
portfolio_5stocks,W1,sma,SMA,1,True,-8.432975362552098,0.0,-0.8023906452265266,0.0,-0.76410799482066,0.0,18.345371363643594,0.0,-1.0069642008773585,0.0
portfolio_5stocks,W1,wma,WMA,1,True,-14.084739254103873,0.0,-1.8470080181377166,0.0,-1.6899723009598453,0.0,20.368548750571684,0.0,-1.7007337281540824,0.0
portfolio_5stocks,W1,atr,ATR,1,True,-5.888031127498894,0.0,-0.8407490174661045,0.0,-0.7437059608528626,0.0,15.583763867564873,0.0,-0.8536787984266341,0.0
portfolio_5stocks,W1,bollinger,Bollinger Bands,1,True,5.180999311361911,0.0,1.064644847664423,0.0,0.9395387485843654,0.0,7.452648540566928,0.0,1.724901345623359,0.0
portfolio_5stocks,W1,turn_of_month,Turn-of-the-Month,1,True,-2.1400903769647983,0.0,-0.47886346035280264,0.0,-0.2065460337410816,0.0,7.192554617822856,0.0,-0.6542697120011675,0.0
portfolio_5stocks,W1,xgboost,XGBoost,3,False,1.2513226289022736,5.816567195203487,0.25109656697626326,0.4917630178709082,0.26015727588075593,0.5063209765135632,16.30242931859906,2.5468860105127336,0.5087274596617999,0.9567247522006591
portfolio_5stocks,W2,pbir,PBIR-GIFT,3,False,12.372092376143378,2.2989965736716766,2.0069003260569143,0.1476803130397711,1.9633573686076506,0.21488805111279385,8.381595842536788,1.261606834459976,3.459367993746507,0.2358058256514647
portfolio_5stocks,W2,pure_gift,Pure GIFT,3,False,14.762039393509383,0.9537704102966436,2.0939454210337245,0.20560835769175442,2.134362718886586,0.24168978721035766,7.825055785118372,1.7254833643904426,4.527096468536283,0.8698139087985192
portfolio_5stocks,W2,sma,SMA,1,True,26.436865571845015,0.0,1.96893407830685,0.0,1.8936585938841846,0.0,18.78639500389718,0.0,3.257678461636726,0.0
portfolio_5stocks,W2,wma,WMA,1,True,21.945786317914283,0.0,1.761501367354234,0.0,1.676420304880725,0.0,17.453199347021098,0.0,2.9813155649457213,0.0
portfolio_5stocks,W2,atr,ATR,1,True,24.966888172480118,0.0,2.621959069841437,0.0,2.6670782691727415,0.0,9.804496648738835,0.0,5.690864091147114,0.0
portfolio_5stocks,W2,bollinger,Bollinger Bands,1,True,9.795150095256977,0.0,1.214005401753025,0.0,1.404886380699382,0.0,10.032145813031937,0.0,2.436759478632165,0.0
portfolio_5stocks,W2,turn_of_month,Turn-of-the-Month,1,True,3.8654786479275005,0.0,1.2962413572345808,0.0,0.6885753299111821,0.0,3.453149330828392,0.0,2.711808558564092,0.0
portfolio_5stocks,W2,xgboost,XGBoost,3,False,25.19748096779324,8.233680579539774,2.3573989326483074,0.6797829790790831,2.439442577447541,0.65485758482453,9.100415884159402,0.4204974017199674,6.175370131450542,1.4588401870668877
portfolio_5stocks,W3,pbir,PBIR-GIFT,3,False,-20.339160407594644,5.899226859503259,-1.160468981952879,0.23767194044668744,-1.0471365202003942,0.18608474831544689,29.835191275988933,6.421186853459239,-1.5439821231861106,0.2244791600055251
portfolio_5stocks,W3,pure_gift,Pure GIFT,3,False,-23.09052987385911,7.103059728814314,-1.4390341722306295,0.23668513194642185,-1.29121313868603,0.19671604180220637,31.454187252817203,6.116855398774233,-1.7461431998448955,0.2710358699621159
portfolio_5stocks,W3,sma,SMA,1,True,-19.084408932596574,0.0,-1.8620784518436206,0.0,-1.4504432894255082,0.0,24.20299999771027,0.0,-1.9613675401998572,0.0
portfolio_5stocks,W3,wma,WMA,1,True,-18.405392308288537,0.0,-2.0673677864340485,0.0,-1.4385919353190046,0.0,22.057340313371494,0.0,-2.095495431003716,0.0
portfolio_5stocks,W3,atr,ATR,1,True,-28.56205170655245,0.0,-2.797137195621523,0.0,-2.444077541428374,0.0,32.183082873907836,0.0,-2.3863870864225665,0.0
portfolio_5stocks,W3,bollinger,Bollinger Bands,1,True,-10.642219772056249,0.0,-0.9902729797275965,0.0,-0.8835984153963629,0.0,19.913447438197128,0.0,-1.2080141519155967,0.0
portfolio_5stocks,W3,turn_of_month,Turn-of-the-Month,1,True,-10.838943051302829,0.0,-1.3644748464556329,0.0,-0.717602587482287,0.0,15.229806760923854,0.0,-1.6893312790247794,0.0
portfolio_5stocks,W3,xgboost,XGBoost,3,False,-31.53514467274472,2.8119510115569346,-1.2657284148738908,0.10842945601904395,-1.1289047780422965,0.07886669782876628,42.31793989146706,2.2954284045965254,-1.734900291161822,0.12508961461617982
portfolio_5stocks,W4,pbir,PBIR-GIFT,3,False,-11.825131867488599,8.068103654038346,-1.1046701803268362,0.8322987662365003,-1.1798434263017268,0.8823851082433442,18.50714382927188,7.219283491330334,-1.3159136254863768,0.8294446842020666
portfolio_5stocks,W4,pure_gift,Pure GIFT,3,False,-8.02072933115083,7.495328679766948,-0.6432499028048188,0.7615277950304328,-0.7220695998244189,0.8629379163887022,15.897153924183558,3.140752260000835,-0.9026984271416292,1.169491805509921
portfolio_5stocks,W4,sma,SMA,1,True,8.73438491698022,0.0,0.6522297697832171,0.0,0.7711658389051653,0.0,25.448692324150024,0.0,1.2504427039221377,0.0
portfolio_5stocks,W4,wma,WMA,1,True,-3.5726525402161813,0.0,0.0024323730487796945,0.0,0.0025092460312477896,0.0,21.40113246698329,0.0,0.004779014117519946,0.0
portfolio_5stocks,W4,atr,ATR,1,True,-13.331615126978491,0.0,-0.9075358297949269,0.0,-0.9345246710476091,0.0,25.1535508811831,0.0,-1.159961333214552,0.0
portfolio_5stocks,W4,bollinger,Bollinger Bands,1,True,-9.691255775623997,0.0,-0.7960624239276204,0.0,-0.7554663605893989,0.0,16.555664030585273,0.0,-1.2693342986437448,0.0
portfolio_5stocks,W4,turn_of_month,Turn-of-the-Month,1,True,-13.944996772227325,0.0,-2.5329905170520277,0.0,-1.1777928656518222,0.0,16.972645671836244,0.0,-2.0649251231843593,0.0
portfolio_5stocks,W4,xgboost,XGBoost,3,False,-41.97129842755981,6.377022428996487,-2.4141248513518594,0.4679837238239424,-2.24013797313652,0.37214039816877365,49.658460277762096,5.411505644866066,-2.378307198441646,0.2602684203699275
portfolio_5stocks,W5,pbir,PBIR-GIFT,3,False,27.11251559773616,10.640372570757462,2.7476763818131835,0.539422504721831,2.9014058486576353,0.40418769691550394,11.6529207259021,0.953127638031902,5.074474820580952,1.7670112091846544
portfolio_5stocks,W5,pure_gift,Pure GIFT,3,False,21.969482585145602,2.5612748843817608,2.8728889591093014,0.3887971811508768,3.1569097408135076,0.436969577787696,8.746312702370336,1.7378749222398369,5.849754437456435,1.796920667814848
portfolio_5stocks,W5,sma,SMA,1,True,16.76091711840524,0.0,1.3532287335823576,0.0,1.4485949909076894,0.0,19.308054472574007,0.0,2.176158875725337,0.0
portfolio_5stocks,W5,wma,WMA,1,True,25.844291352671746,0.0,1.9323978317510775,0.0,1.910093239198767,0.0,18.468596146421817,0.0,3.2521561293266408,0.0
portfolio_5stocks,W5,atr,ATR,1,True,20.130561590747664,0.0,1.7523495951974633,0.0,1.7121947840712968,0.0,16.50584617884534,0.0,2.894194790179031,0.0
portfolio_5stocks,W5,bollinger,Bollinger Bands,1,True,40.12718449405786,0.0,3.4810569888891623,0.0,4.009376183598592,0.0,4.607030693215792,0.0,18.23128950623823,0.0
portfolio_5stocks,W5,turn_of_month,Turn-of-the-Month,1,True,4.54657668008982,0.0,1.1955467035619194,0.0,0.8513263532257164,0.0,3.3595979413048918,0.0,3.3041529634448445,0.0
portfolio_5stocks,W5,xgboost,XGBoost,3,False,14.547217942803243,9.637403480686944,1.2498657963565531,0.7505266650704667,1.377686634379425,0.8976025244613988,23.3972096039829,4.996206806212223,1.7194723503240532,1.3010136480393844
portfolio_5stocks,W6,pbir,PBIR-GIFT,3,False,7.950508478357897,1.0666514040123898,1.2746299154276768,0.2405989334132902,1.2398167845001535,0.22516721907692508,9.274726948139998,2.9143781352468903,2.2885286876558966,0.7647221093063105
portfolio_5stocks,W6,pure_gift,Pure GIFT,3,False,4.401339972115381,3.0284716334230803,0.7201874479581477,0.3505656549926739,0.6883103446770931,0.3762407966369863,11.370777462579312,1.1161163540682446,0.9930010814043461,0.5427982609905785
portfolio_5stocks,W6,sma,SMA,1,True,-15.451745570476373,0.0,-1.3198297869561004,0.0,-1.0919887757819546,0.0,29.95432415976679,0.0,-1.2248426123685492,0.0
portfolio_5stocks,W6,wma,WMA,1,True,-9.174083355973472,0.0,-0.6828875184137932,0.0,-0.5814195649975115,0.0,24.671443635867014,0.0,-0.780731465674155,0.0
portfolio_5stocks,W6,atr,ATR,1,True,9.881356339836845,0.0,1.1932419714488656,0.0,1.2731793491426593,0.0,13.824542665961696,0.0,1.8107307162104376,0.0
portfolio_5stocks,W6,bollinger,Bollinger Bands,1,True,-0.2922820664702508,0.0,0.04507292646854192,0.0,0.04206477519555067,0.0,10.35698901433392,0.0,0.07512157235231291,0.0
portfolio_5stocks,W6,turn_of_month,Turn-of-the-Month,1,True,7.580531708343874,0.0,2.346194378410213,0.0,1.236394254918131,0.0,2.719177152088049,0.0,6.62150245263591,0.0
portfolio_5stocks,W6,xgboost,XGBoost,3,False,-5.49792294858706,7.250886431892964,-0.43982554306784066,0.7494126712051901,-0.4184103017080633,0.7150007669431278,19.53599759420243,3.079643819774929,-0.4770526411232325,0.8782690084526061
portfolio_5stocks2,W1,pbir,PBIR-GIFT,3,False,11.895920828778543,1.2236390033812046,2.6911533783643264,0.20457845286574133,2.8765538583945336,0.3104205764590557,3.3395820779841645,0.452992958470671,8.403029630090947,1.8599046892903337
portfolio_5stocks2,W1,pure_gift,Pure GIFT,3,False,13.669776123085503,1.435062578699387,2.7931757746899772,0.21974339270406537,2.890611676461201,0.3654694603274888,3.6161894999124287,1.077842596815086,9.103244006277704,2.3203180854632044
portfolio_5stocks2,W1,sma,SMA,1,True,11.38696738958711,0.0,1.4857934488630369,0.0,1.650335104105241,0.0,10.271978825937412,0.0,2.6887809641833,0.0
portfolio_5stocks2,W1,wma,WMA,1,True,8.569643499768919,0.0,1.128200970963761,0.0,1.2124419855176012,0.0,12.432233869879102,0.0,1.7345085658720885,0.0
portfolio_5stocks2,W1,atr,ATR,1,True,7.598526791994176,0.0,1.0821835209145279,0.0,1.038203417610345,0.0,9.813553222172672,0.0,1.951004024220237,0.0
portfolio_5stocks2,W1,bollinger,Bollinger Bands,1,True,16.52210903629929,0.0,1.845611194450967,0.0,2.1296226968619383,0.0,6.29570639940532,0.0,6.184962021977592,0.0
portfolio_5stocks2,W1,turn_of_month,Turn-of-the-Month,1,True,7.6396710235451915,0.0,2.805035051963827,0.0,1.8317922572980192,0.0,2.657756754051008,0.0,6.726234583416108,0.0
portfolio_5stocks2,W1,xgboost,XGBoost,3,False,16.822142276220706,4.32423902198346,2.6120856617296497,0.49073701649352014,2.881021158011542,0.6520342323593458,5.416444925813882,0.4197067499359253,7.020527880174368,1.0878543515971169
portfolio_5stocks2,W2,pbir,PBIR-GIFT,3,False,5.168363989788705,0.8575461059201798,1.0476354206787535,0.20279289313435123,1.0269603213814982,0.148501218687092,4.989680860152762,1.1327390521590275,2.6941695349832115,0.8124213398224686
portfolio_5stocks2,W2,pure_gift,Pure GIFT,3,False,1.636828449142495,2.7333894687681193,0.3796090500198168,0.532895142994714,0.3595310930273469,0.5088785642964536,6.138509973367203,1.0142521282396513,0.8698964927284375,1.2913195634157348
portfolio_5stocks2,W2,sma,SMA,1,True,1.5418989783299253,0.0,0.28941930706405095,0.0,0.2670806597226762,0.0,9.397960507867186,0.0,0.5801625496577001,0.0
portfolio_5stocks2,W2,wma,WMA,1,True,2.038632109645744,0.0,0.3565280313058625,0.0,0.326917206109609,0.0,9.011391322505721,0.0,0.7230321610116129,0.0
portfolio_5stocks2,W2,atr,ATR,1,True,0.9152163874381003,0.0,0.21881495312386104,0.0,0.21214841346673344,0.0,8.71651672137578,0.0,0.38790165408046506,0.0
portfolio_5stocks2,W2,bollinger,Bollinger Bands,1,True,-8.21173635702821,0.0,-1.2842078813412638,0.0,-1.3552961157079761,0.0,8.907799162504638,0.0,-2.1796828596418276,0.0
portfolio_5stocks2,W2,turn_of_month,Turn-of-the-Month,1,True,4.859276201285745,0.0,2.2361681660134263,0.0,1.587512380272223,0.0,2.0929768282454346,0.0,5.505321634464465,0.0
portfolio_5stocks2,W2,xgboost,XGBoost,3,False,4.694206021523062,1.1288109131297428,0.7811952195365421,0.15641486553899858,0.8043370597064526,0.15619865627337115,5.290964481400589,0.17584731824977284,2.3225324982673303,0.5786042778448687
portfolio_5stocks2,W3,pbir,PBIR-GIFT,3,False,-2.808685864528331,5.489414216314368,-0.1541383522274237,0.5512250311361427,-0.129729917497118,0.4705112949585897,14.68294995382328,3.1013238168450177,-0.21864398539433674,0.8591704643173731
portfolio_5stocks2,W3,pure_gift,Pure GIFT,3,False,-5.533601563611227,2.40733315915676,-0.42066916013120226,0.22129480909168817,-0.3524472319113848,0.1808888549057566,15.475195014142562,4.04552029063786,-0.6438643271453287,0.24959970370307583
portfolio_5stocks2,W3,sma,SMA,1,True,-1.0657000311585119,0.0,0.09966149019196847,0.0,0.08930357592322663,0.0,18.529488375219536,0.0,0.1862064225256699,0.0
portfolio_5stocks2,W3,wma,WMA,1,True,-1.1083410070032995,0.0,0.09654355050267348,0.0,0.08763120581596008,0.0,18.43965851590405,0.0,0.18118236050843015,0.0
portfolio_5stocks2,W3,atr,ATR,1,True,-8.400814427212966,0.0,-0.4649299655022482,0.0,-0.4191325365081899,0.0,21.14451366166034,0.0,-0.7319779032545727,0.0
portfolio_5stocks2,W3,bollinger,Bollinger Bands,1,True,-7.30518566546654,0.0,-0.5280453227422524,0.0,-0.4120084577312552,0.0,17.305410237154746,0.0,-0.8337473411813471,0.0
portfolio_5stocks2,W3,turn_of_month,Turn-of-the-Month,1,True,2.29079206306555,0.0,0.5451536821577996,0.0,0.2836894140440772,0.0,4.173767990896858,0.0,1.4506871602217817,0.0
portfolio_5stocks2,W3,xgboost,XGBoost,3,False,-26.618703939305533,2.7537424396847863,-1.999697145097052,0.2848268437442835,-1.6817543878023542,0.23239966682558294,29.953518573451788,3.1303589537738516,-2.2776171415552855,0.09299072050944425
portfolio_5stocks2,W4,pbir,PBIR-GIFT,3,False,-2.8973437484375384,0.6244289375260658,-0.2834578426424521,0.09893683865457471,-0.2978272668047656,0.09894762660047546,10.244761522144818,2.012169291143415,-0.5268982816298652,0.1967833074608945
portfolio_5stocks2,W4,pure_gift,Pure GIFT,3,False,-1.9059244263576895,4.854757864367238,-0.13319516779169457,0.6356188935467907,-0.14711927124545618,0.681709492432031,10.082855213195165,1.977375135223795,-0.23791303795771843,1.2006023306109062
portfolio_5stocks2,W4,sma,SMA,1,True,11.029469021338567,0.0,1.0164852903637278,0.0,1.0680791394598543,0.0,22.517842918199772,0.0,1.2996888728055924,0.0
portfolio_5stocks2,W4,wma,WMA,1,True,-1.3647232948490462,0.0,-0.011840824707800705,0.0,-0.011009495302053564,0.0,20.311448310315708,0.0,-0.014268086113962982,0.0
portfolio_5stocks2,W4,atr,ATR,1,True,-2.528412182427231,0.0,-0.1598529076310411,0.0,-0.16112762839933858,0.0,19.531503808663615,0.0,-0.18448406355611904,0.0
portfolio_5stocks2,W4,bollinger,Bollinger Bands,1,True,-3.3299272538103275,0.0,-0.3173579973252488,0.0,-0.30387739476119385,0.0,12.772989309598243,0.0,-0.4865294168219299,0.0
portfolio_5stocks2,W4,turn_of_month,Turn-of-the-Month,1,True,-3.179943605871105,0.0,-0.7009649892676094,0.0,-0.35759526498036937,0.0,7.398260001417796,0.0,-0.9763955380085246,0.0
portfolio_5stocks2,W4,xgboost,XGBoost,3,False,0.3065665633882257,0.13500387220639726,0.18496809642725442,0.008485083601658904,0.211122956732122,0.009409928053195855,13.384973884061642,2.0419564797142047,0.46016605483855394,0.05044022285347304
portfolio_5stocks2,W5,pbir,PBIR-GIFT,3,False,10.052671573487,3.0866327174757027,1.8099339058662949,0.3043333557175226,1.970272932535422,0.3246028691457651,7.1787029097659385,0.4461211845980704,3.2973986733991203,0.9048251587467623
portfolio_5stocks2,W5,pure_gift,Pure GIFT,3,False,9.962161624451648,5.368203561787467,1.866506698334178,0.8573637369345167,2.0425730860075473,0.978709367509041,7.202003455758722,0.735001449525583,3.164787477615469,1.4984506699969165
portfolio_5stocks2,W5,sma,SMA,1,True,17.411542505621558,0.0,1.9097096040946864,0.0,2.180725751721571,0.0,9.571690527425512,0.0,4.265930085516051,0.0
portfolio_5stocks2,W5,wma,WMA,1,True,21.791450020770476,0.0,2.2549157439291587,0.0,2.4655029495159875,0.0,10.645255994400873,0.0,4.677521573046225,0.0
portfolio_5stocks2,W5,atr,ATR,1,True,2.703671795525797,0.0,0.41714732266040705,0.0,0.4291983713744417,0.0,15.881738414288945,0.0,0.532848970013276,0.0
portfolio_5stocks2,W5,bollinger,Bollinger Bands,1,True,6.92141911480928,0.0,0.8248963226771115,0.0,0.8883165605289761,0.0,9.793622818490052,0.0,1.9000372333396855,0.0
portfolio_5stocks2,W5,turn_of_month,Turn-of-the-Month,1,True,3.692444852226351,0.0,1.1336942011411042,0.0,0.7706231284879895,0.0,4.201302848345726,0.0,2.146520467990388,0.0
portfolio_5stocks2,W5,xgboost,XGBoost,3,False,-10.895877201016262,2.774040780897285,-1.2801783372840643,0.30816805433787675,-1.2055687157577146,0.27024307132425285,18.447047933476167,2.0311908725301837,-1.379011048625087,0.2560330989486965
portfolio_5stocks2,W6,pbir,PBIR-GIFT,3,False,4.003250909371562,1.4433234706398763,0.9088722503079073,0.2727084880148868,0.8523779443243252,0.2151605550969387,8.788027827182624,0.9059035024187148,1.137599244068692,0.3374010506169423
portfolio_5stocks2,W6,pure_gift,Pure GIFT,3,False,5.075069571383721,1.0685038231187896,1.0676829530847618,0.18021848789777384,0.9915210723102694,0.14862550654019518,8.742482949104081,0.9891975446468408,1.4745827586943576,0.4135877477391609
portfolio_5stocks2,W6,sma,SMA,1,True,8.37363469924146,0.0,1.10462077772469,0.0,1.0651034543964573,0.0,11.970439660152552,0.0,1.7845751619127725,0.0
portfolio_5stocks2,W6,wma,WMA,1,True,9.212324549728512,0.0,1.1372894324535054,0.0,1.058974566722244,0.0,13.526612747949066,0.0,1.737435245769773,0.0
portfolio_5stocks2,W6,atr,ATR,1,True,14.19735093352057,0.0,1.8004198665371287,0.0,1.6823578673932666,0.0,12.288687016977507,0.0,2.7644634804474335,0.0
portfolio_5stocks2,W6,bollinger,Bollinger Bands,1,True,10.754652913736052,0.0,1.4780645143216569,0.0,1.5421599363091192,0.0,13.563394515486271,0.0,1.9419447589031362,0.0
portfolio_5stocks2,W6,turn_of_month,Turn-of-the-Month,1,True,1.2206892808137582,0.0,0.5743327148015794,0.0,0.3363605505540809,0.0,2.476088374530081,0.0,1.2454323166085872,0.0
portfolio_5stocks2,W6,xgboost,XGBoost,3,False,5.42486884173609,1.2947444497264962,0.7633523274539824,0.1624224098096535,0.7683050205162448,0.187872218497171,11.061297007191053,1.9725395579103437,1.3906566909445865,0.563854031402545
