dataset,window,seed,method,method_label,source_stage,shared_artifact_sha256,shared_code_sha256,sharpe,sortino,total_return,max_drawdown_improvement,calmar
portfolio_5stocks,W1,42,pbir,PBIR-GIFT,Stage-C,1df01ad361360b4ed466684755d0248692ddf27451788ad0db7724e38e76a2c2,5d56aa2d892c5b10f9b2f123bd548aa060760d9c34dab585e13f715a698bf10c,0.044681082826008314,0.043147119342451565,-0.32127115189816147,11.855517692489192,0.06653060994564969
portfolio_5stocks,W1,42,pure_gift,Pure GIFT,Stage-C,1df01ad361360b4ed466684755d0248692ddf27451788ad0db7724e38e76a2c2,5d56aa2d892c5b10f9b2f123bd548aa060760d9c34dab585e13f715a698bf10c,0.09910280848797692,0.10083571279331123,-0.01032094466576483,13.69350320686169,0.14547982942695123
portfolio_5stocks,W1,123,pbir,PBIR-GIFT,Stage-C,f9ce7c7a9a75314e9a02093d266cb83e73b2b4f054ade64040512ba701ff2e83,4bafe2b751d690ba4483a2a1da1d25381b4ce6f7950378a37c864676e5e419c0,0.09142091126160691,0.0957804273274901,-0.007605858313652902,12.877890830955648,0.13196512458115636
portfolio_5stocks,W1,123,pure_gift,Pure GIFT,Stage-C,f9ce7c7a9a75314e9a02093d266cb83e73b2b4f054ade64040512ba701ff2e83,4bafe2b751d690ba4483a2a1da1d25381b4ce6f7950378a37c864676e5e419c0,0.28891156119586947,0.2660302189296431,1.3902501585954408,9.0868336551693,0.5025238116882291
portfolio_5stocks,W1,456,pbir,PBIR-GIFT,Stage-C,fb1df87b956b839c81a82f2d3a1617dcb682eead9130a5c0e247d0709a3ecd3c,14955ad324ee6379086c2d30a75d728f2a35b6816ccd0b0670cde2432819d27e,0.4356143523952972,0.44523981073853336,2.9880737647187017,14.009841898893407,0.6689979117130658
portfolio_5stocks,W1,456,pure_gift,Pure GIFT,Stage-C,fb1df87b956b839c81a82f2d3a1617dcb682eead9130a5c0e247d0709a3ecd3c,14955ad324ee6379086c2d30a75d728f2a35b6816ccd0b0670cde2432819d27e,0.3690843658095188,0.40193733018506833,2.196425516999989,11.27657237610815,0.6207713409715182
portfolio_5stocks,W2,42,pbir,PBIR-GIFT,Stage-F,7f1e0cf5a4e1472da2b67200e5320391a43769c5d7931668801eeaa5fe069dc8,bb488d4b9acd443758292d0e8981ca6bece6b4e74517809af9e5912af11c6237,2.1276146972263588,2.108658025557929,14.204811845915932,8.872953295881516,3.7316151121323466
portfolio_5stocks,W2,42,pure_gift,Pure GIFT,Stage-F,7f1e0cf5a4e1472da2b67200e5320391a43769c5d7931668801eeaa5fe069dc8,bb488d4b9acd443758292d0e8981ca6bece6b4e74517809af9e5912af11c6237,1.6495456346963484,1.6388956287711538,9.751164122962951,7.140860123122677,3.268769856630896
portfolio_5stocks,W2,123,pbir,PBIR-GIFT,Stage-F,7dcff321a0561183c0aa62089aea31fee3e1e1ed9bfe1f04759dbc22293c9827,c54a446610b6393dd79b9d66a475642831f65c4cdefbc30d92a7481b6f963dac,2.0508528011197042,2.0648984975247098,9.79253098343218,6.948239678788995,3.319305232969024
portfolio_5stocks,W2,123,pure_gift,Pure GIFT,Stage-F,7dcff321a0561183c0aa62089aea31fee3e1e1ed9bfe1f04759dbc22293c9827,c54a446610b6393dd79b9d66a475642831f65c4cdefbc30d92a7481b6f963dac,1.2132493976556162,1.1197360561615213,7.0876790111646715,7.974232419896807,2.191955986851133
portfolio_5stocks,W2,456,pbir,PBIR-GIFT,Stage-F,cef8e9e2acb278e3fd7097b058bc731c7758eef353983159d4feabf31158e40f,1e564f5ca661009b1da7f1f9a3b7ac9ca15023438140dda079c0766154f69b8e,1.8422334798246809,1.7165155827403138,13.118934299082019,9.323594552939852,3.3271836361381495
portfolio_5stocks,W2,456,pure_gift,Pure GIFT,Stage-F,cef8e9e2acb278e3fd7097b058bc731c7758eef353983159d4feabf31158e40f,1e564f5ca661009b1da7f1f9a3b7ac9ca15023438140dda079c0766154f69b8e,1.7098956264031395,1.6063060800766948,9.215168344783509,7.099011468497814,3.097975158683712
portfolio_5stocks,W3,42,pbir,PBIR-GIFT,Stage-C,b6e71cb3536257951095c96a034a80c3b21f2cc040d0f8ec84a23c826c0b4b99,5e03d64ba165f7d4afdabb8a006dc5192746372bc9709983ddb139d2f3705606,-0.8880911801974841,-0.832283464856239,-14.207450506483799,23.902303194516126,-1.2859726058376786
portfolio_5stocks,W3,42,pure_gift,Pure GIFT,Stage-C,b6e71cb3536257951095c96a034a80c3b21f2cc040d0f8ec84a23c826c0b4b99,5e03d64ba165f7d4afdabb8a006dc5192746372bc9709983ddb139d2f3705606,-1.760688361219481,-1.6042189949552605,-23.181594737516665,30.647633523119584,-1.8847913623715573
portfolio_5stocks,W3,123,pbir,PBIR-GIFT,Stage-C,d32ebfe567336dcbdf07a5c2011d624f8d95daa59ba2574d00081f8aff9f3c06,f5ca6a7d2ab49ef380dbff007fb6650dc6c466ad7f22826105e28af8553085e2,-1.3257388234767769,-1.1570443806966255,-20.83548664526338,28.950366711891824,-1.6945324149242376
portfolio_5stocks,W3,123,pure_gift,Pure GIFT,Stage-C,d32ebfe567336dcbdf07a5c2011d624f8d95daa59ba2574d00081f8aff9f3c06,f5ca6a7d2ab49ef380dbff007fb6650dc6c466ad7f22826105e28af8553085e2,-1.080597863774837,-0.9646357061834396,-16.084812352761546,27.663794293076855,-1.314069474346336
portfolio_5stocks,W3,456,pbir,PBIR-GIFT,Stage-C,92f4ccbd4544371d932fc993ed2db70c0418c7c77e758fa531ed0083fc2a94c7,d74e11bbcbd8702d1c423b49ff900bd84c6326c575dd2fc20e7592754be92ebc,-1.267576942184376,-1.1520817150483185,-25.974544071036753,36.65290392155884,-1.651441348796415
portfolio_5stocks,W3,456,pure_gift,Pure GIFT,Stage-C,92f4ccbd4544371d932fc993ed2db70c0418c7c77e758fa531ed0083fc2a94c7,d74e11bbcbd8702d1c423b49ff900bd84c6326c575dd2fc20e7592754be92ebc,-1.3948974478477238,-1.1864680506555754,-26.40343895673334,35.00406659215452,-1.7969435854105489
portfolio_5stocks,W4,42,pbir,PBIR-GIFT,Stage-F,63ddab0c56c5187578cf2c913c6683d7b4bab40d44a7d4375354e52d8a36cb3e,a04423327bff538cba432a1c2f735de3d3348b376e5338b6aea1476bb0497c34,-1.4166491163961898,-1.5309774238276244,-19.181801719869895,26.222949145789286,-1.748548749765866
portfolio_5stocks,W4,42,pure_gift,Pure GIFT,Stage-F,63ddab0c56c5187578cf2c913c6683d7b4bab40d44a7d4375354e52d8a36cb3e,a04423327bff538cba432a1c2f735de3d3348b376e5338b6aea1476bb0497c34,-1.239803702139467,-1.3398252592565563,-16.128464602535818,22.055846907815873,-1.7048345214006428
portfolio_5stocks,W4,123,pbir,PBIR-GIFT,Stage-F,a90a3ad9a7d3b684fbb9c06f9b39f8586a16b22dbf488a924474a7fb8238c366,befd4f1a8b9a007f4659d3f996404dc2f2b30491051816829eff4a79a69709c3,-1.7359056444847163,-1.8326073795656417,-13.096933614623751,17.381971557713623,-1.8395951316438965
portfolio_5stocks,W4,123,pure_gift,Pure GIFT,Stage-F,a90a3ad9a7d3b684fbb9c06f9b39f8586a16b22dbf488a924474a7fb8238c366,befd4f1a8b9a007f4659d3f996404dc2f2b30491051816829eff4a79a69709c3,-1.972907874661274,-2.022097444860075,-21.52494109692237,25.166097985783153,-2.1586914794868592
portfolio_5stocks,W4,456,pbir,PBIR-GIFT,Stage-F,c746c63e209cdc73082d44e3d65c85afd42f7288e70a51c0244095e21e06229b,22ab409b361f4e94993995d1de7086038052576d56a636736471b10b926f017c,-0.1614557800996022,-0.17594547551191442,-3.196660267972151,11.916510784312727,-0.35959699504936793
portfolio_5stocks,W4,456,pure_gift,Pure GIFT,Stage-F,c746c63e209cdc73082d44e3d65c85afd42f7288e70a51c0244095e21e06229b,22ab409b361f4e94993995d1de7086038052576d56a636736471b10b926f017c,-0.3277783223454521,-0.36010237740287876,-5.22862599609033,13.388514915035826,-0.6775915399341185
portfolio_5stocks,W5,42,pbir,PBIR-GIFT,Stage-C,0aae7ebed771d267650cd78afd89b28bd913ecd141ef046bee0ab115e528012f,0df0ef6e5263aef4f999057db2981cf3405481c9f286c0e1dde5fb370e11685f,3.108099423439444,3.1163429786926597,32.695882722460134,10.97922674475703,6.426686561650841
portfolio_5stocks,W5,42,pure_gift,Pure GIFT,Stage-C,0aae7ebed771d267650cd78afd89b28bd913ecd141ef046bee0ab115e528012f,0df0ef6e5263aef4f999057db2981cf3405481c9f286c0e1dde5fb370e11685f,1.5559777386012035,1.6082230547600977,10.31075127040224,11.059865211345981,2.2456785758688964
portfolio_5stocks,W5,123,pbir,PBIR-GIFT,Stage-C,4517d29dd517e823dda465a184110a294b91131221f97f5b76bd670c5c88fd02,facd00d9c2e9f356a0290c084ca37694c5ea15989a8dfb069eb8ce90b023c8b6,2.127523885528309,2.4351626789966376,14.842591844946341,11.236073740641633,3.0751262780962363
portfolio_5stocks,W5,123,pure_gift,Pure GIFT,Stage-C,4517d29dd517e823dda465a184110a294b91131221f97f5b76bd670c5c88fd02,facd00d9c2e9f356a0290c084ca37694c5ea15989a8dfb069eb8ce90b023c8b6,2.71721336286985,3.1819854229133178,19.279018418053482,6.840792865557173,6.378216733232053
portfolio_5stocks,W5,456,pbir,PBIR-GIFT,Stage-C,07d9732ade6ca6a10023d9e8fdcd95439d54c618a4c79e59a18f1250a0d4518a,475294131cd57a32f081b337289c3221daa079fababb7adabb8b8de7a18d6760,3.007405836471797,3.1527118882836094,33.79907222580201,12.743461692307632,5.721611621995778
portfolio_5stocks,W5,456,pure_gift,Pure GIFT,Stage-C,07d9732ade6ca6a10023d9e8fdcd95439d54c618a4c79e59a18f1250a0d4518a,475294131cd57a32f081b337289c3221daa079fababb7adabb8b8de7a18d6760,2.4306816815918846,2.5850325465976,16.409057990525632,9.933474467188178,3.79453041581788
portfolio_5stocks,W6,42,pbir,PBIR-GIFT,Stage-F,766eff9cb5629e4f965eb258a2cf3a3c4b396f146da8a8e2ac2d06799580ff3a,3e3d174b8ab6e23b45b7c83d13bad77b734bef8ee78300261ddc65010ac1a86a,1.4782532029073847,1.4081245385095527,9.092456626207657,7.7763687175450995,2.8582456373366147
portfolio_5stocks,W6,42,pure_gift,Pure GIFT,Stage-F,766eff9cb5629e4f965eb258a2cf3a3c4b396f146da8a8e2ac2d06799580ff3a,3e3d174b8ab6e23b45b7c83d13bad77b734bef8ee78300261ddc65010ac1a86a,1.4213138071201838,1.4369231876546058,11.161977807438772,12.749280209778696,2.159090461965543
portfolio_5stocks,W6,123,pbir,PBIR-GIFT,Stage-F,40c480cf655ff5f03d1a99c8da6f4497fe247f9615ef13817df5c9c849d2993c,8e15d34773f23283200f88f90c2fd802c79690555d4fd359e3a0b421d18f862d,1.3364978805478762,1.327286482513776,7.779173039200082,7.414348270474905,2.5879362929509213
portfolio_5stocks,W6,123,pure_gift,Pure GIFT,Stage-F,40c480cf655ff5f03d1a99c8da6f4497fe247f9615ef13817df5c9c849d2993c,8e15d34773f23283200f88f90c2fd802c79690555d4fd359e3a0b421d18f862d,0.8636854455567972,0.9037674931525687,5.778969513370247,11.901881708651878,1.2731039580405412
portfolio_5stocks,W6,456,pbir,PBIR-GIFT,Stage-F,e09eb210c4b32a3bfa7eaf7ea275df66ec25ab77acabd3fc2706a2d97c8a28f3,4de78613908e0c4e2d5fb5b45b98ad51093a5622bec4d2dc85dcb8bd25ffb24b,1.0091386628277697,0.9840393324771317,6.979895769665956,12.63346385639999,1.4194041326801543
portfolio_5stocks,W6,456,pure_gift,Pure GIFT,Stage-F,e09eb210c4b32a3bfa7eaf7ea275df66ec25ab77acabd3fc2706a2d97c8a28f3,4de78613908e0c4e2d5fb5b45b98ad51093a5622bec4d2dc85dcb8bd25ffb24b,1.3644596171912053,1.255230488983971,8.90640368843998,9.856380327875751,2.230070878102168
portfolio_5stocks2,W1,42,pbir,PBIR-GIFT,Stage-C,a22cea220ca5f1477d64dd602ed440faa437d697f8e65a3ff817945a666e34ac,c743e6f002534443ffeb64a966e55c0deda57053a3e2b20cc8657331bd247597,2.903437121289488,3.2126448986200167,12.930180047497686,2.9499188832682735,10.076253184134265
portfolio_5stocks2,W1,42,pure_gift,Pure GIFT,Stage-C,a22cea220ca5f1477d64dd602ed440faa437d697f8e65a3ff817945a666e34ac,c743e6f002534443ffeb64a966e55c0deda57053a3e2b20cc8657331bd247597,1.928072367473889,1.8427136645172522,11.736921001618672,5.749531514485557,4.8142494190352
portfolio_5stocks2,W1,123,pbir,PBIR-GIFT,Stage-C,88f7d307c3ebfbf2091ef56199dd61b3ce95a5ee98ca56d0fdb04c13b7aab645,70285698b0c967f69bd2ee2bd049e309c2f97f3f613fb219e0a645aa348b20d6,2.4952671324585345,2.600605401346382,10.545110637921118,3.8366132227224217,6.400447160088474
portfolio_5stocks2,W1,123,pure_gift,Pure GIFT,Stage-C,88f7d307c3ebfbf2091ef56199dd61b3ce95a5ee98ca56d0fdb04c13b7aab645,70285698b0c967f69bd2ee2bd049e309c2f97f3f613fb219e0a645aa348b20d6,1.8110678302831986,1.8415173422822344,8.081102459916622,3.2484307102095196,5.916971332228106
portfolio_5stocks2,W1,456,pbir,PBIR-GIFT,Stage-C,15964fd5e4e8a634dae02c2dc5b247f21a88128266977f35e5a95c3369a3c1b0,531d39ce40cdfd5813f79e96790f420f707cd855a50f48c0144dd99bbd1dfdd2,2.6747558813449577,2.8164112752172032,12.212471800916823,3.232214127961798,8.7323885460501
portfolio_5stocks2,W1,456,pure_gift,Pure GIFT,Stage-C,15964fd5e4e8a634dae02c2dc5b247f21a88128266977f35e5a95c3369a3c1b0,531d39ce40cdfd5813f79e96790f420f707cd855a50f48c0144dd99bbd1dfdd2,2.4097839201230777,2.478737139974615,15.849413631716104,6.734204669055311,5.416753439538016
portfolio_5stocks2,W2,42,pbir,PBIR-GIFT,Stage-F,09ac250c5e5ca0450565046e67dacc9bbc77d770e21e57233d31025b1eac34d2,0d5985276e27812a8b47769c8f62754306cad4e44b1812792d0e9efd07a5adbe,1.101367527056962,1.0861339459672785,5.068022026313401,4.201841229853768,2.9783110915680284
portfolio_5stocks2,W2,42,pure_gift,Pure GIFT,Stage-F,09ac250c5e5ca0450565046e67dacc9bbc77d770e21e57233d31025b1eac34d2,0d5985276e27812a8b47769c8f62754306cad4e44b1812792d0e9efd07a5adbe,0.26280522512361915,0.24871776783548266,1.0796388200396967,6.2446332512785325,0.5497190615175114
portfolio_5stocks2,W2,123,pbir,PBIR-GIFT,Stage-F,4246221a97c2629279f728501f946da3652400392da5e40a1572b8550e980801,dee7865ef29d943e9782816532c0b1bf7f8fa30aa75f6a62e03084612a341053,0.8233874963263607,0.8579946241505106,4.365403128518897,6.287801592125445,1.7778403274405281
portfolio_5stocks2,W2,123,pure_gift,Pure GIFT,Stage-F,4246221a97c2629279f728501f946da3652400392da5e40a1572b8550e980801,dee7865ef29d943e9782816532c0b1bf7f8fa30aa75f6a62e03084612a341053,0.7120509325674647,0.655840842720015,2.7990046500363075,5.244200923383642,1.3591170199375753
portfolio_5stocks2,W2,456,pbir,PBIR-GIFT,Stage-F,8a2869c83d8e11e154d808c9b12228d09268bc2ed93ae423e01f99a2b2f73da9,83e38f4c6d77e585bd9b513220a8747a8d7f706b7aa6d0ffb88e95d1655b3116,1.2181512386529378,1.1367523940267052,6.071666814533816,4.4793997584790715,3.326357185941078
portfolio_5stocks2,W2,456,pure_gift,Pure GIFT,Stage-F,8a2869c83d8e11e154d808c9b12228d09268bc2ed93ae423e01f99a2b2f73da9,83e38f4c6d77e585bd9b513220a8747a8d7f706b7aa6d0ffb88e95d1655b3116,0.3481177012565805,0.32766310435079365,1.4670206326540258,5.751694328681353,0.7366548869215431
portfolio_5stocks2,W3,42,pbir,PBIR-GIFT,Stage-C,1fd1a82ceadcf56882e79095a79612a0875e3f5c42cfb5d76e17fda31a07dfc3,93b01567731f2cf5acf253595beb0485a3379228f061eeded9c8ae21c2b0f7f8,-0.7852970643940659,-0.6686597285569921,-9.085207087542258,16.412163071891875,-1.1993142363538223
portfolio_5stocks2,W3,42,pure_gift,Pure GIFT,Stage-C,1fd1a82ceadcf56882e79095a79612a0875e3f5c42cfb5d76e17fda31a07dfc3,93b01567731f2cf5acf253595beb0485a3379228f061eeded9c8ae21c2b0f7f8,-1.1777983808733816,-1.0300318064661111,-10.721401685406917,17.904196760102874,-1.3926583893112223
portfolio_5stocks2,W3,123,pbir,PBIR-GIFT,Stage-C,2f8f64d986e7c145676cbc1b36716558aff56a225d6f5fb815bec0d5bdc6d9e9,24ebfc8d27673220d33ab99f5a0d96b66f7fbf9dad8239b9212bf19708f3a359,0.09018060115460214,0.0801793607014304,-0.4369951722499321,16.534144549357325,0.14173622129575367
portfolio_5stocks2,W3,123,pure_gift,Pure GIFT,Stage-C,2f8f64d986e7c145676cbc1b36716558aff56a225d6f5fb815bec0d5bdc6d9e9,24ebfc8d27673220d33ab99f5a0d96b66f7fbf9dad8239b9212bf19708f3a359,-1.0160640730278443,-0.8843421083209181,-11.846534439408774,20.61186794676645,-1.2977209247656187
portfolio_5stocks2,W3,456,pbir,PBIR-GIFT,Stage-C,f0451780a3fbdc129134c75c63c8e5b039165087c1cf0f973191e70738cab080,74dc05cc1103899a48fe882c6e9ffff650bbc7e04a85c7403dd819f7013b76f5,0.23270140655719262,0.19929061536420767,1.0961446662071994,11.102542240220634,0.40164605887505844
portfolio_5stocks2,W3,456,pure_gift,Pure GIFT,Stage-C,f0451780a3fbdc129134c75c63c8e5b039165087c1cf0f973191e70738cab080,74dc05cc1103899a48fe882c6e9ffff650bbc7e04a85c7403dd819f7013b76f5,0.1561537424885035,0.14235575199883335,0.34003395634061295,9.981740685916323,0.3828429632100236
portfolio_5stocks2,W4,42,pbir,PBIR-GIFT,Stage-F,9ef25eff27dd8496d87c4b85dbd13769b95c5ebb4a711a49cd85951fb906fd2a,10f847b1ea485b81fdab888d39d7d4568c7c3e70be2339ac35f9e020565f123e,-0.3883382468455505,-0.39199833657237027,-3.2836405880788955,8.770449920435889,-0.7499152974286587
portfolio_5stocks2,W4,42,pure_gift,Pure GIFT,Stage-F,9ef25eff27dd8496d87c4b85dbd13769b95c5ebb4a711a49cd85951fb906fd2a,10f847b1ea485b81fdab888d39d7d4568c7c3e70be2339ac35f9e020565f123e,-0.8150796506158048,-0.8178340629832798,-7.300195659748077,12.248474510556612,-1.3233280974328165
portfolio_5stocks2,W4,123,pbir,PBIR-GIFT,Stage-F,49ec1b80cfbb3665f082480a21a9d9b2f8e290efa6659944a34ea703bd1a29db,02addf9008f6baa85bcfb534f59786a7a07dc4e28e880bad53a7f4f0007560ba,-0.27024229673579364,-0.3067728841845553,-3.231445327936211,12.537111597686671,-0.45308895267908
portfolio_5stocks2,W4,123,pure_gift,Pure GIFT,Stage-F,49ec1b80cfbb3665f082480a21a9d9b2f8e290efa6659944a34ea703bd1a29db,02addf9008f6baa85bcfb534f59786a7a07dc4e28e880bad53a7f4f0007560ba,0.2956130888607489,0.3191458402029056,1.2368019515610174,7.761792199616342,0.48376737843831474
portfolio_5stocks2,W4,456,pbir,PBIR-GIFT,Stage-F,7d78a593c18676b36ab62832255d3160bc3819ee31ce7ca1e390420ccc91e0bf,b8e5798786ec7f8fa527480bfeba92a5d09cace5669f01a412130a01100c8a9a,-0.19179298434601225,-0.19471057965737137,-2.1769453292975083,9.426723048311896,-0.3776905947818568
portfolio_5stocks2,W4,456,pure_gift,Pure GIFT,Stage-F,7d78a593c18676b36ab62832255d3160bc3819ee31ce7ca1e390420ccc91e0bf,b8e5798786ec7f8fa527480bfeba92a5d09cace5669f01a412130a01100c8a9a,0.055313217873818335,0.06057682492452261,-0.4148716096425198,11.30024384409318,0.10151839886409407
portfolio_5stocks2,W5,42,pbir,PBIR-GIFT,Stage-C,1c65f6f960179878274f007e1652aff44c4da07444e321db140e470cdc0fdfab,3ba02b28e955b76ee824e18bd4a073875a7678fa6f4c3fd0e8714ae7e2ede010,1.4704231234730856,1.6067632683895883,6.646704761181099,6.773736467203262,2.3684793808771794
portfolio_5stocks2,W5,42,pure_gift,Pure GIFT,Stage-C,1c65f6f960179878274f007e1652aff44c4da07444e321db140e470cdc0fdfab,3ba02b28e955b76ee824e18bd4a073875a7678fa6f4c3fd0e8714ae7e2ede010,0.8695672747039906,0.8804732400501495,5.143095044626578,10.578669929009987,1.2468948132074422
portfolio_5stocks2,W5,123,pbir,PBIR-GIFT,Stage-C,aa4d686d80b951460287c7f37f3b61a96f27da9684f34162632e74c4e00c6181,978d5f70a3823f24ba6799e7d8a486e6614cdbcd5a59a6d3163d1a589e152a48,1.9011519627476108,2.0728913904678725,10.846345303185046,7.6569137985849824,3.3476841064520433
portfolio_5stocks2,W5,123,pure_gift,Pure GIFT,Stage-C,aa4d686d80b951460287c7f37f3b61a96f27da9684f34162632e74c4e00c6181,978d5f70a3823f24ba6799e7d8a486e6614cdbcd5a59a6d3163d1a589e152a48,1.1975652671119468,1.2074766033105189,6.319069694271806,7.4879284211653365,2.077086215326864
portfolio_5stocks2,W5,456,pbir,PBIR-GIFT,Stage-C,71f4571f7775ca9f496b9d009f98d811969cc74e02144d8f94fa9e1fdf7dcba0,d01c5964121dac6c6428d07342c79459f8edc548eba1f3d227f1e167c069a282,2.058226631378188,2.231164138748806,12.664964656094856,7.105458463509572,4.176032532868139
portfolio_5stocks2,W5,456,pure_gift,Pure GIFT,Stage-C,71f4571f7775ca9f496b9d009f98d811969cc74e02144d8f94fa9e1fdf7dcba0,d01c5964121dac6c6428d07342c79459f8edc548eba1f3d227f1e167c069a282,2.342164395962564,2.7454976893806746,14.477411397549078,8.609523248372662,3.889970343226886
portfolio_5stocks2,W6,42,pbir,PBIR-GIFT,Stage-F,bba44989c539203bb8a263f5d6d45a4ec3ee7571e00ee22966c7246fb0597106,09d62a8a68e04f65480c66a46343c4ba94ef20b0aa8768ce81fe58ece15ec40d,1.0952086134155314,1.0063691246964828,4.729393156630279,9.757214982230341,1.2071632645284225
portfolio_5stocks2,W6,42,pure_gift,Pure GIFT,Stage-F,bba44989c539203bb8a263f5d6d45a4ec3ee7571e00ee22966c7246fb0597106,09d62a8a68e04f65480c66a46343c4ba94ef20b0aa8768ce81fe58ece15ec40d,1.5024412358411436,1.430125695927289,8.675340994009062,11.340958135503497,1.865635663078042
portfolio_5stocks2,W6,123,pbir,PBIR-GIFT,Stage-F,0288e7dbe1a4d167ff2f965e98d37ef654a9ecd7a205ffd5356448f91290ad58,2446c153a37a3c3399b6e31b7be6ea09117ec600735d91cd7f9010e0c2d05078,1.0355426214995893,0.9442287391907996,4.939302843215776,8.644269033039771,1.43479630584567
portfolio_5stocks2,W6,123,pure_gift,Pure GIFT,Stage-F,0288e7dbe1a4d167ff2f965e98d37ef654a9ecd7a205ffd5356448f91290ad58,2446c153a37a3c3399b6e31b7be6ea09117ec600735d91cd7f9010e0c2d05078,0.30504110480181085,0.2915661987153782,1.2394916546524692,10.513373734277877,0.3552679179180069
portfolio_5stocks2,W6,456,pbir,PBIR-GIFT,Stage-F,cfe5fe34a5b8ca0c7f5b4aecec0128743dd2c8f52e6c921b0d987499bbc415c4,57e968b428f42388cf5aacccf6ccbe57ba9652a7e5ca3852fd3398a00e1b8678,0.5958655160086012,0.6065359690856934,2.341056728268631,7.962599466277758,0.7708381618319827
portfolio_5stocks2,W6,456,pure_gift,Pure GIFT,Stage-F,cfe5fe34a5b8ca0c7f5b4aecec0128743dd2c8f52e6c921b0d987499bbc415c4,57e968b428f42388cf5aacccf6ccbe57ba9652a7e5ca3852fd3398a00e1b8678,0.8185920072225753,0.8153135548442829,4.248928578746436,8.811987075820833,1.246760809032692
