dataset,window,seed,method,baseline_source_stage,test_total_return,test_sharpe,test_sortino,test_max_drawdown,test_calmar
portfolio_5stocks,W1,42,pure_gift,Stage-B,-1.9148226895123632,-0.11104849584145014,-0.11102773974773936,14.617566263877663,-0.1620789225395815
portfolio_5stocks,W1,42,ppo_test_only,Stage-D,-6.156625956235462,-0.9535474979013021,-0.9110705409073846,12.934561243975503,-1.0937250855972591
portfolio_5stocks,W1,42,ppo_train_plus_test,Stage-D,-9.396238327393004,-0.7699367230848412,-0.7559672130837565,19.212511418655062,-1.052916548051723
portfolio_5stocks,W1,42,equal_weight,Stage-D,2.6478276896508612,0.3970452335358103,0.38672177213148823,13.947552679799694,0.6187846764453284
portfolio_5stocks,W1,123,pure_gift,Stage-B,-1.9893914351155617,-0.06756052742403618,-0.07708782437299713,16.40605432894426,-0.10355003065347644
portfolio_5stocks,W1,123,ppo_test_only,Stage-D,-4.246969363839503,-0.2918620968826168,-0.28869815770924834,16.956862392997085,-0.4302542293583886
portfolio_5stocks,W1,123,ppo_train_plus_test,Stage-D,0.3140055162887512,0.12420588866551084,0.12510380845123906,9.421315602149464,0.18951339357749034
portfolio_5stocks,W1,123,equal_weight,Stage-D,2.6478276896508612,0.3970452335358103,0.38672177213148823,13.947552679799694,0.6187846764453284
portfolio_5stocks,W1,456,pure_gift,Stage-B,3.0311539573216084,0.521474997477001,0.5075932829613862,10.178117013980833,0.8346837117866384
portfolio_5stocks,W1,456,ppo_test_only,Stage-D,-8.946869339561792,-0.7428196377231812,-0.7836398334409435,18.20578769736158,-1.0528531588430907
portfolio_5stocks,W1,456,ppo_train_plus_test,Stage-D,-1.194434548641754,-0.04029169745208006,-0.039908559151580814,13.154162649478106,-0.062237104218634806
portfolio_5stocks,W1,456,equal_weight,Stage-D,2.6478276896508612,0.3970452335358103,0.38672177213148823,13.947552679799694,0.6187846764453284
portfolio_5stocks,W2,42,pure_gift,Stage-B,14.10190639336788,2.331324184507558,2.412759335594729,5.904752297578841,5.531373030307637
portfolio_5stocks,W2,42,ppo_test_only,Stage-E,7.035823331753366,1.4127534154892356,1.383204574982907,7.4749835472601776,2.2813604802513687
portfolio_5stocks,W2,42,ppo_train_plus_test,Stage-E,12.366761673909199,1.9273381801489917,1.9476705946417399,7.5394401976509124,3.8652464488669143
portfolio_5stocks,W2,42,equal_weight,Stage-E,16.60006912512042,2.2691030956730467,2.262676974463331,9.237243871076933,4.147521103686527
portfolio_5stocks,W2,123,pure_gift,Stage-B,15.855549612625985,1.9789014119013317,2.0120595606023555,9.245227884520144,4.0128059637023075
portfolio_5stocks,W2,123,ppo_test_only,Stage-E,15.383222395645468,2.4387368786384855,2.4788362991235764,5.949303584089055,5.95352676446536
portfolio_5stocks,W2,123,ppo_train_plus_test,Stage-E,15.191607617540793,2.4874581671599896,2.682137690743224,6.565068790266036,5.32359932744734
portfolio_5stocks,W2,123,equal_weight,Stage-E,16.60006912512042,2.2691030956730467,2.262676974463331,9.237243871076933,4.147521103686527
portfolio_5stocks,W2,456,pure_gift,Stage-B,14.32866217453428,1.9716106666922841,1.978269260462674,8.32518717325613,4.0371104115989045
portfolio_5stocks,W2,456,ppo_test_only,Stage-E,13.71077058197827,1.9350469989011978,1.9922082828732475,10.31192369564875,3.126707970047266
portfolio_5stocks,W2,456,ppo_train_plus_test,Stage-E,6.915614500938716,1.5578271655926799,1.5703298597595865,6.214950790646499,2.6746757160512513
portfolio_5stocks,W2,456,equal_weight,Stage-E,16.60006912512042,2.2691030956730467,2.262676974463331,9.237243871076933,4.147521103686527
portfolio_5stocks,W3,42,pure_gift,Stage-B,-22.45720842703143,-1.5055742689055573,-1.362115605824184,31.419477074776008,-1.7305927507651053
portfolio_5stocks,W3,42,ppo_test_only,Stage-D,-9.886938129162793,-0.61402276634893,-0.5813857015672692,18.751239836732147,-1.0541604837182978
portfolio_5stocks,W3,42,ppo_train_plus_test,Stage-D,-25.331019004986533,-1.283287583336902,-1.174340277137512,36.054466043641824,-1.6413959984908375
portfolio_5stocks,W3,42,equal_weight,Stage-D,-23.244221966902757,-1.318811415774874,-1.1734153853357967,33.85142328578793,-1.6163507384549758
portfolio_5stocks,W3,123,pure_gift,Stage-B,-16.325338052221994,-1.1762011405196182,-1.0688746898837551,25.354760804773658,-1.4832173337771175
portfolio_5stocks,W3,123,ppo_test_only,Stage-D,-18.715253650547716,-1.3135875638321202,-1.1800081973139023,27.217532951759576,-1.617499216801623
portfolio_5stocks,W3,123,ppo_train_plus_test,Stage-D,-23.822642979292606,-1.73222651066585,-1.552379432349338,29.735835145043104,-1.9934213243449688
portfolio_5stocks,W3,123,equal_weight,Stage-D,-23.244221966902757,-1.318811415774874,-1.1734153853357967,33.85142328578793,-1.6163507384549758
portfolio_5stocks,W3,456,pure_gift,Stage-B,-30.48904314232391,-1.6353271072667128,-1.442649120350151,37.58832387890194,-2.0246195149924637
portfolio_5stocks,W3,456,ppo_test_only,Stage-D,-23.03320014242438,-1.4204612688797607,-1.2395043353193327,30.460195774396652,-1.8095215906278892
portfolio_5stocks,W3,456,ppo_train_plus_test,Stage-D,-19.819823071055154,-1.4739455181825767,-1.3699067749914968,29.93010023950517,-1.5935555247756856
portfolio_5stocks,W3,456,equal_weight,Stage-D,-23.244221966902757,-1.318811415774874,-1.1734153853357967,33.85142328578793,-1.6163507384549758
portfolio_5stocks,W4,42,pure_gift,Stage-B,-9.900952800299223,-0.7715803427842326,-0.8529249864456676,15.653781757350252,-1.3566155956535395
portfolio_5stocks,W4,42,ppo_test_only,Stage-E,-25.639811422191183,-2.1608848508908514,-2.2685388401263733,31.237167177472735,-2.122858922775871
portfolio_5stocks,W4,42,ppo_train_plus_test,Stage-E,-12.27892914408476,-0.9857672997943563,-1.0378842377188742,16.489363678785114,-1.6698662599083407
portfolio_5stocks,W4,42,equal_weight,Stage-E,-19.58362939153977,-1.4039900808181507,-1.538675935802229,26.10836335660508,-1.7903131972940614
portfolio_5stocks,W4,123,pure_gift,Stage-B,-14.396936465877275,-1.3324591290468182,-1.5121063992809856,19.152512334122004,-1.7771845697115156
portfolio_5stocks,W4,123,ppo_test_only,Stage-E,-10.005773884821778,-0.6720226443658274,-0.7240708267867823,18.11355940071177,-1.137797117052473
portfolio_5stocks,W4,123,ppo_train_plus_test,Stage-E,-31.661001728470307,-2.490959616911966,-2.508347636364899,37.01639134189988,-2.305513473666682
portfolio_5stocks,W4,123,equal_weight,Stage-E,-19.58362939153977,-1.4039900808181507,-1.538675935802229,26.10836335660508,-1.7903131972940614
portfolio_5stocks,W4,456,pure_gift,Stage-B,0.23570127272400931,0.17428976341659466,0.1988225862533966,12.885167681078421,0.4257048839401673
portfolio_5stocks,W4,456,ppo_test_only,Stage-E,-16.885579640596337,-1.150382982566865,-1.2493147799476605,22.810114043384868,-1.6975379141072506
portfolio_5stocks,W4,456,ppo_train_plus_test,Stage-E,-21.767445189810786,-1.762941253707581,-1.8656999971374864,26.517482224730088,-2.0421173940401043
portfolio_5stocks,W4,456,equal_weight,Stage-E,-19.58362939153977,-1.4039900808181507,-1.538675935802229,26.10836335660508,-1.7903131972940614
portfolio_5stocks,W5,42,pure_gift,Stage-B,24.925244082687527,3.3177731170889326,3.6556643427999425,6.969121415762249,7.8676249113538725
portfolio_5stocks,W5,42,ppo_test_only,Stage-D,38.48015868283146,3.6117412914665135,3.5815670464507177,10.944052317140834,7.378905879008871
portfolio_5stocks,W5,42,ppo_train_plus_test,Stage-D,24.05820424732068,2.829069461373328,3.7120427481413816,9.117951600136022,5.8751851096684975
portfolio_5stocks,W5,42,equal_weight,Stage-D,31.418348894185666,2.9493936187654,3.225796489909804,12.167922871465512,5.616020329719121
portfolio_5stocks,W5,123,pure_gift,Stage-B,20.40365576993992,2.598275886694658,2.9736784688770093,10.442003503294185,4.422402005175285
portfolio_5stocks,W5,123,ppo_test_only,Stage-D,18.043785732185725,2.2594109947910845,2.457341011410162,12.026348900479162,3.453247572932379
portfolio_5stocks,W5,123,ppo_train_plus_test,Stage-D,36.71366278632402,3.7438111083377725,4.660579980869564,9.886526685542432,7.817130941925565
portfolio_5stocks,W5,123,equal_weight,Stage-D,31.418348894185666,2.9493936187654,3.225796489909804,12.167922871465512,5.616020329719121
portfolio_5stocks,W5,456,pure_gift,Stage-B,20.57954790280936,2.702617873544313,2.841386410763572,8.827813188054574,5.259236395840149
portfolio_5stocks,W5,456,ppo_test_only,Stage-D,29.417808277664626,2.812215608867179,3.388238308774939,11.368493867393047,5.681258730856449
portfolio_5stocks,W5,456,ppo_train_plus_test,Stage-D,13.809369294811823,1.6240180971713314,1.7187654170392148,14.478031277349004,2.2894105754381457
portfolio_5stocks,W5,456,equal_weight,Stage-D,31.418348894185666,2.9493936187654,3.225796489909804,12.167922871465512,5.616020329719121
portfolio_5stocks,W6,42,pure_gift,Stage-B,2.83728138309145,0.5522990969431306,0.5093894258603131,10.183304616558091,0.7631638613190876
portfolio_5stocks,W6,42,ppo_test_only,Stage-E,8.512113324561344,1.2333532082733603,1.2316226420162804,10.470798866224289,2.0332667590349414
portfolio_5stocks,W6,42,ppo_train_plus_test,Stage-E,-0.6890661060993009,-0.07079706312777864,-0.06688654867182094,10.849448630961442,-0.08184240386852491
portfolio_5stocks,W6,42,equal_weight,Stage-E,8.566088123911019,1.1658300066422822,1.1207351889040775,12.217015066123714,1.7718230717360264
portfolio_5stocks,W6,123,pure_gift,Stage-B,2.474692286619651,0.48513882628124305,0.4349186265200583,11.530754855954472,0.6029334625931516
portfolio_5stocks,W6,123,ppo_test_only,Stage-E,14.189995293083957,1.8500199860219722,2.0248325297295247,9.114656343254248,3.7120314130630345
portfolio_5stocks,W6,123,ppo_train_plus_test,Stage-E,2.963868807231429,0.4904597095624371,0.47086894044705657,14.0518326232051,0.6139955387561873
portfolio_5stocks,W6,123,equal_weight,Stage-E,8.566088123911019,1.1658300066422822,1.1207351889040775,12.217015066123714,1.7718230717360264
portfolio_5stocks,W6,456,pure_gift,Stage-B,7.892046246635043,1.1231244206500697,1.1206229816509077,12.398272915225373,1.6129059203007992
portfolio_5stocks,W6,456,ppo_test_only,Stage-E,12.456956451469736,1.747513442983832,1.8866521377258687,9.75839894153799,3.0664312974206016
portfolio_5stocks,W6,456,ppo_train_plus_test,Stage-E,6.191342423872559,0.9683509428474738,0.9077896173493906,11.177239291117552,1.4235743827056921
portfolio_5stocks,W6,456,equal_weight,Stage-E,8.566088123911019,1.1658300066422822,1.1207351889040775,12.217015066123714,1.7718230717360264
portfolio_5stocks2,W1,42,pure_gift,Stage-B,12.503565192489429,2.5428554294137995,2.4872776483985697,3.5232480634442322,8.213740848088243
portfolio_5stocks2,W1,42,ppo_test_only,Stage-D,15.830306890647705,2.781506527536593,3.152613657915825,5.907087796468317,6.1173803301688
portfolio_5stocks2,W1,42,ppo_train_plus_test,Stage-D,1.62397983937288,0.40013816006632147,0.37359500868539125,4.95561128518848,0.9080805180141234
portfolio_5stocks2,W1,42,equal_weight,Stage-D,18.05861118402401,3.244651920953039,3.261632784193046,3.1506809027957874,12.904748815821318
portfolio_5stocks2,W1,123,pure_gift,Stage-B,15.272375901169056,2.8823922108402633,2.9847650969931574,4.7374932659030184,7.359282695017499
portfolio_5stocks2,W1,123,ppo_test_only,Stage-D,13.505281070196041,2.178101841736954,2.266305509283647,6.820086458940806,4.613114449467796
portfolio_5stocks2,W1,123,ppo_train_plus_test,Stage-D,24.59914579118079,4.133848650503496,4.576281916232569,2.8995396336499963,18.513644190003127
portfolio_5stocks2,W1,123,equal_weight,Stage-D,18.05861118402401,3.244651920953039,3.261632784193046,3.1506809027957874,12.904748815821318
portfolio_5stocks2,W1,456,pure_gift,Stage-B,13.23338727559802,2.954279683815868,3.1997922839918753,2.5878271703900344,11.736708475727372
portfolio_5stocks2,W1,456,ppo_test_only,Stage-D,15.269480163991279,2.7612967520982004,2.892327734351036,4.638920345807619,7.529304343532241
portfolio_5stocks2,W1,456,ppo_train_plus_test,Stage-D,11.599503082629404,2.1244612470569684,2.164140287485118,3.6763720558561195,7.390748835769514
portfolio_5stocks2,W1,456,equal_weight,Stage-D,18.05861118402401,3.244651920953039,3.261632784193046,3.1506809027957874,12.904748815821318
portfolio_5stocks2,W2,42,pure_gift,Stage-B,1.249856784987724,0.33264151716845114,0.30408793890694624,6.6983967570391725,0.5303009289311285
portfolio_5stocks2,W2,42,ppo_test_only,Stage-E,-2.04532820519443,-0.4379804268278388,-0.40194997836349305,6.430736398598401,-0.6908298121843459
portfolio_5stocks2,W2,42,ppo_train_plus_test,Stage-E,4.593080072014999,0.8873647975865208,0.8397871430111566,5.480978327640906,2.1242368532036178
portfolio_5stocks2,W2,42,equal_weight,Stage-E,5.336885332653862,0.9738935185894667,0.9276971877859119,4.916922091616435,2.732401971579166
portfolio_5stocks2,W2,123,pure_gift,Stage-B,-0.8824532514537964,-0.12824772555251923,-0.11935559642249108,6.749410266888393,-0.21768886294359055
portfolio_5stocks2,W2,123,ppo_test_only,Stage-E,2.239483824243771,0.46237391876280826,0.4244851315645161,6.162055834056492,1.0102221204309592
portfolio_5stocks2,W2,123,ppo_train_plus_test,Stage-E,0.01753382438454132,0.06558715005003073,0.06156503809479476,6.163390773610368,0.13201963073065595
portfolio_5stocks2,W2,123,equal_weight,Stage-E,5.336885332653862,0.9738935185894667,0.9276971877859119,4.916922091616435,2.732401971579166
portfolio_5stocks2,W2,456,pure_gift,Stage-B,4.543081813893557,0.9344333584435186,0.8938609365975856,4.967722896174042,2.297077412197775
portfolio_5stocks2,W2,456,ppo_test_only,Stage-E,1.9970017430308573,0.45517189058029556,0.4665838541437791,5.380452308504174,1.0162003877121848
portfolio_5stocks2,W2,456,ppo_train_plus_test,Stage-E,4.8320688519365,0.9089769284683131,0.86051178161914,4.671137374807946,2.6193913755125373
portfolio_5stocks2,W2,456,equal_weight,Stage-E,5.336885332653862,0.9738935185894667,0.9276971877859119,4.916922091616435,2.732401971579166
portfolio_5stocks2,W3,42,pure_gift,Stage-B,-2.757400592629511,-0.16566369487094532,-0.14435010361271655,10.91228986503253,-0.35817385686333914
portfolio_5stocks2,W3,42,ppo_test_only,Stage-D,-7.268273854213736,-0.7456958544770453,-0.6522043286932103,14.498503141438452,-1.0923820937261706
portfolio_5stocks2,W3,42,ppo_train_plus_test,Stage-D,-5.982097848271328,-0.5902560391582328,-0.5284096742130443,9.318837294859907,-1.3449434208211088
portfolio_5stocks2,W3,42,equal_weight,Stage-D,-6.20660398444376,-0.4783454467141283,-0.4125051377568512,14.727331725324772,-0.8238519771549256
portfolio_5stocks2,W3,123,pure_gift,Stage-B,-7.04329179256673,-0.5340102527970949,-0.4409244530068397,18.62334065555084,-0.7537591680367102
portfolio_5stocks2,W3,123,ppo_test_only,Stage-D,-4.472951878566889,-0.2936108580136335,-0.2614146633411442,14.545689378086013,-0.5230370222827554
portfolio_5stocks2,W3,123,ppo_train_plus_test,Stage-D,-13.952176927456838,-1.23086148235358,-1.0794002618757885,17.111534598994435,-1.9001867083319925
portfolio_5stocks2,W3,123,equal_weight,Stage-D,-6.20660398444376,-0.4783454467141283,-0.4125051377568512,14.727331725324772,-0.8238519771549256
portfolio_5stocks2,W3,456,pure_gift,Stage-B,-6.80011230563744,-0.5623335327255665,-0.47206713911459797,16.88995452184431,-0.8196599565359369
portfolio_5stocks2,W3,456,ppo_test_only,Stage-D,-4.794736273053957,-0.42121825940276053,-0.35629326965632924,11.955273005939524,-0.7800369362048409
portfolio_5stocks2,W3,456,ppo_train_plus_test,Stage-D,-11.100550772674278,-1.0906773441879276,-0.9275067099375979,19.684986963934755,-1.2940475024278326
portfolio_5stocks2,W3,456,equal_weight,Stage-D,-6.20660398444376,-0.4783454467141283,-0.4125051377568512,14.727331725324772,-0.8238519771549256
portfolio_5stocks2,W4,42,pure_gift,Stage-B,-7.307462646201679,-0.8378740394372658,-0.9038638193939044,10.439952986193171,-1.5627563644306015
portfolio_5stocks2,W4,42,ppo_test_only,Stage-E,7.82680716765074,1.2230504939145748,1.3986507438912144,9.057462363828972,2.1350556043031794
portfolio_5stocks2,W4,42,ppo_train_plus_test,Stage-E,3.2083443178687165,0.48321149075629644,0.4638186651222939,10.97374482999469,0.8680906374103335
portfolio_5stocks2,W4,42,equal_weight,Stage-E,-1.3835304446524699,-0.015438249292192946,-0.01652725729725395,13.352813526106832,-0.028198890519674356
portfolio_5stocks2,W4,123,pure_gift,Stage-B,-0.5036977941040299,0.04143061147681898,0.04355351239888378,11.857348392497922,0.07090068349356039
portfolio_5stocks2,W4,123,ppo_test_only,Stage-E,-3.5099710433769915,-0.214920577119166,-0.22924385469349473,14.396003926209136,-0.3760222732481064
portfolio_5stocks2,W4,123,ppo_train_plus_test,Stage-E,-13.293862827310665,-1.1414566915849025,-1.234038915605487,19.6597346072444,-1.5584011014525185
portfolio_5stocks2,W4,123,equal_weight,Stage-E,-1.3835304446524699,-0.015438249292192946,-0.01652725729725395,13.352813526106832,-0.028198890519674356
portfolio_5stocks2,W4,456,pure_gift,Stage-B,2.0933871612326405,0.3968579245853632,0.418952493258652,7.951264260894396,0.7781165670638859
portfolio_5stocks2,W4,456,ppo_test_only,Stage-E,16.509988868872448,1.636723129999724,1.6903430212040855,13.828277340531347,2.86590127677402
portfolio_5stocks2,W4,456,ppo_train_plus_test,Stage-E,-14.317832523865947,-1.277947312399449,-1.3943585714657813,20.51732102426041,-1.6385158267755824
portfolio_5stocks2,W4,456,equal_weight,Stage-E,-1.3835304446524699,-0.015438249292192946,-0.01652725729725395,13.352813526106832,-0.028198890519674356
portfolio_5stocks2,W5,42,pure_gift,Stage-B,13.48537241222978,2.3795262204072283,2.6213275070957223,7.227646422920028,4.322385815979413
portfolio_5stocks2,W5,42,ppo_test_only,Stage-D,2.6663185263175793,0.5043939864606578,0.4673655047945139,9.38464932817242,0.7876026803958727
portfolio_5stocks2,W5,42,ppo_train_plus_test,Stage-D,4.162853830139102,0.7434477420366644,0.7676536535047941,8.454515097756893,1.2839890969397707
portfolio_5stocks2,W5,42,equal_weight,Stage-D,12.538026408552195,1.9235243326284182,2.1056045667364165,8.541527510063228,3.458708087977458
portfolio_5stocks2,W5,123,pure_gift,Stage-B,3.783787186402532,0.8767297248237322,0.9125684216510619,6.454516089289064,1.472287731223902
portfolio_5stocks2,W5,123,ppo_test_only,Stage-D,7.024034059608675,1.1540634556723595,1.2340273679451055,9.320844796878989,1.8707195734963797
portfolio_5stocks2,W5,123,ppo_train_plus_test,Stage-D,6.567440573784111,1.2528014567991639,1.280591694772018,5.734712323717217,2.806505650954149
portfolio_5stocks2,W5,123,equal_weight,Stage-D,12.538026408552195,1.9235243326284182,2.1056045667364165,8.541527510063228,3.458708087977458
portfolio_5stocks2,W5,456,pure_gift,Stage-B,12.617325274722635,2.343264149771573,2.5938233292758586,7.923847855067074,3.699688885643092
portfolio_5stocks2,W5,456,ppo_test_only,Stage-D,4.304834912185385,0.5989327850690256,0.6902030845266416,11.446992937469483,1.0620415936254028
portfolio_5stocks2,W5,456,ppo_train_plus_test,Stage-D,0.40762430183036713,0.14086738309333527,0.14497317629357087,8.937774157497188,0.251401848750523
portfolio_5stocks2,W5,456,equal_weight,Stage-D,12.538026408552195,1.9235243326284182,2.1056045667364165,8.541527510063228,3.458708087977458
portfolio_5stocks2,W6,42,pure_gift,Stage-B,5.121475295313305,1.0535587332733407,0.9679592085144383,9.757029133267496,1.316968377185467
portfolio_5stocks2,W6,42,ppo_test_only,Stage-E,12.140801690012548,1.5623791709387558,1.5528854667180563,10.058925031210835,2.9392619282830723
portfolio_5stocks2,W6,42,ppo_train_plus_test,Stage-E,3.3778255074905283,0.7666226240243182,0.7587645148503313,8.86173364169943,0.981074866089031
portfolio_5stocks2,W6,42,equal_weight,Stage-E,5.81912005262637,1.1213983234173173,1.0365338948758787,10.409219549408311,1.3979809384732815
portfolio_5stocks2,W6,123,pure_gift,Stage-B,6.119614480013369,1.2545479639437078,1.1505201081396634,7.780749944065324,1.943803967045673
portfolio_5stocks2,W6,123,ppo_test_only,Stage-E,-0.5797633334078678,-0.07269154627590249,-0.06631740159804222,8.491982976401854,-0.09433729587591916
portfolio_5stocks2,W6,123,ppo_train_plus_test,Stage-E,0.4206614338572834,0.14467910562599562,0.14159962381403665,11.256555663745713,0.1552996460820213
portfolio_5stocks2,W6,123,equal_weight,Stage-E,5.81912005262637,1.1213983234173173,1.0365338948758787,10.409219549408311,1.3979809384732815
portfolio_5stocks2,W6,456,pure_gift,Stage-B,3.984118938824488,0.8949421620372366,0.8560839002767062,8.689669769979421,1.1629759318519328
portfolio_5stocks2,W6,456,ppo_test_only,Stage-E,3.587613845259008,0.6801613157748261,0.6206948056928162,11.196869618897532,0.8503852612678858
portfolio_5stocks2,W6,456,ppo_train_plus_test,Stage-E,-1.4301034246317346,-0.2293493766178921,-0.20693990295921763,13.407739870580146,-0.2060682724025763
portfolio_5stocks2,W6,456,equal_weight,Stage-E,5.81912005262637,1.1213983234173173,1.0365338948758787,10.409219549408311,1.3979809384732815
