dataset,window,method,method_label,n_seeds,mean_test_total_return,seed_sd_test_total_return,mean_test_sharpe,seed_sd_test_sharpe,mean_test_sortino,seed_sd_test_sortino,mean_test_max_drawdown,seed_sd_test_max_drawdown,mean_test_calmar,seed_sd_test_calmar
portfolio_5stocks,W1,pure_gift,Pure GIFT,3,-0.29102005576877216,2.8773286663839768,0.11428865807050488,0.3533034631852838,0.10649257294688323,0.34777767919249064,13.73391253560092,3.2066234162123735,0.18968491953119346,0.5593514005565648
portfolio_5stocks,W1,ppo_test_only,PPO-TestOnly,3,-6.450154886545586,2.3636591061625922,-0.6627430775023667,0.3380326672126718,-0.6611361773525255,0.32877379025433884,16.03240377811139,2.7545280682353868,-0.8589441579329128,0.371818396189689
portfolio_5stocks,W1,ppo_train_plus_test,PPO-Train+FineTune,3,-3.425555786582002,5.2254794382650545,-0.22867417729047013,0.4759083121458179,-0.22359065459469943,0.46837577903533967,13.929329890094209,4.941410938940665,-0.3085467528976225,0.6568176095678826
portfolio_5stocks,W1,equal_weight,Equal Weight,3,2.6478276896508612,0.0,0.3970452335358103,0.0,0.38672177213148823,0.0,13.947552679799694,0.0,0.6187846764453284,0.0
portfolio_5stocks,W2,pure_gift,Pure GIFT,3,14.762039393509383,0.9537704102966436,2.0939454210337245,0.20560835769175442,2.134362718886586,0.24168978721035766,7.825055785118372,1.7254833643904426,4.527096468536283,0.8698139087985192
portfolio_5stocks,W2,ppo_test_only,PPO-TestOnly,3,12.043272103125702,4.416467045693697,1.928845764342973,0.5130198418642954,1.9514163856599103,0.5489537347487141,7.912070275665994,2.2139099271554965,3.7871984049213316,1.9231190851451707
portfolio_5stocks,W2,ppo_train_plus_test,PPO-Train+FineTune,3,11.491327930796237,4.20687576420398,1.9908745043005538,0.4680609983044722,2.0667127150481837,0.5653825546320667,6.773153259521149,0.6863252924638666,3.9545071641218352,1.3267157499701243
portfolio_5stocks,W2,equal_weight,Equal Weight,3,16.60006912512042,0.0,2.2691030956730467,0.0,2.262676974463331,0.0,9.237243871076933,0.0,4.147521103686527,0.0
portfolio_5stocks,W3,pure_gift,Pure GIFT,3,-23.09052987385911,7.103059728814314,-1.4390341722306295,0.23668513194642185,-1.29121313868603,0.19671604180220637,31.454187252817203,6.116855398774233,-1.7461431998448955,0.2710358699621159
portfolio_5stocks,W3,ppo_test_only,PPO-TestOnly,3,-17.211797307378294,6.700845988544538,-1.1160238663536035,0.43801749452742095,-1.000299411400168,0.3640075134167727,25.476322854296125,6.045558017269682,-1.49372709704927,0.3925968080345456
portfolio_5stocks,W3,ppo_train_plus_test,PPO-Train+FineTune,3,-22.991161685111432,2.8481293882959995,-1.4964865373951095,0.2253166955158261,-1.3655421614927823,0.18905736723693856,31.906800476063367,3.5932968117160233,-1.7427909492038305,0.2183663583037993
portfolio_5stocks,W3,equal_weight,Equal Weight,3,-23.244221966902757,0.0,-1.318811415774874,0.0,-1.1734153853357967,0.0,33.85142328578793,0.0,-1.6163507384549758,0.0
portfolio_5stocks,W4,pure_gift,Pure GIFT,3,-8.02072933115083,7.495328679766948,-0.6432499028048188,0.7615277950304328,-0.7220695998244189,0.8629379163887022,15.897153924183558,3.140752260000835,-0.9026984271416292,1.169491805509921
portfolio_5stocks,W4,ppo_test_only,PPO-TestOnly,3,-17.510388315869765,7.835724078889685,-1.3277634926078479,0.760115485641123,-1.413974815620272,0.7852897914579465,24.053613540523127,6.649585590027587,-1.6527313179785317,0.49405709545177273
portfolio_5stocks,W4,ppo_train_plus_test,PPO-Train+FineTune,3,-21.902458687455283,9.691741633989585,-1.7465560568046345,0.752729920944844,-1.8039772904070865,0.7371722465502888,26.674412415138363,10.264413596697374,-2.0058323758717087,0.3193732878581052
portfolio_5stocks,W4,equal_weight,Equal Weight,3,-19.58362939153977,0.0,-1.4039900808181507,0.0,-1.538675935802229,0.0,26.10836335660508,0.0,-1.7903131972940614,0.0
portfolio_5stocks,W5,pure_gift,Pure GIFT,3,21.969482585145602,2.5612748843817608,2.8728889591093014,0.3887971811508768,3.1569097408135076,0.436969577787696,8.746312702370336,1.7378749222398369,5.849754437456435,1.796920667814848
portfolio_5stocks,W5,ppo_test_only,PPO-TestOnly,3,28.6472508975606,10.23995380123835,2.894455965041592,0.6799058133038238,3.1423821222119397,0.6010865102622311,11.446298361671014,0.5453270835689736,5.504470727599233,1.9687911983215975
portfolio_5stocks,W5,ppo_train_plus_test,PPO-Train+FineTune,3,24.86041210948551,11.473199997251042,2.7322995556274776,1.0632045492477293,3.363796048683387,1.501507593971348,11.160836521009152,2.8983637977475016,5.327242209010736,2.804301014389483
portfolio_5stocks,W5,equal_weight,Equal Weight,3,31.418348894185666,0.0,2.9493936187654,0.0,3.225796489909804,0.0,12.167922871465512,0.0,5.616020329719121,0.0
portfolio_5stocks,W6,pure_gift,Pure GIFT,3,4.401339972115381,3.0284716334230803,0.7201874479581477,0.3505656549926739,0.6883103446770931,0.3762407966369863,11.370777462579312,1.1161163540682446,0.9930010814043461,0.5427982609905785
portfolio_5stocks,W6,ppo_test_only,PPO-TestOnly,3,11.719688356371678,2.909855511044439,1.6102955457597214,0.3304406787665055,1.7143691031572246,0.42374115270014767,9.78128471700551,0.6783608587550944,2.937243156506193,0.8468056876983094
portfolio_5stocks,W6,ppo_train_plus_test,PPO-Train+FineTune,3,2.8220483750015624,3.4423959913228726,0.4626711964273775,0.5201310370255546,0.43725733637487546,0.48820662848703816,12.026173515094698,1.7619116878902772,0.6519091725311181,0.7534241886509717
portfolio_5stocks,W6,equal_weight,Equal Weight,3,8.566088123911019,0.0,1.1658300066422822,0.0,1.1207351889040775,0.0,12.217015066123714,0.0,1.7718230717360264,0.0
portfolio_5stocks2,W1,pure_gift,Pure GIFT,3,13.669776123085503,1.435062578699387,2.7931757746899772,0.21974339270406537,2.890611676461201,0.3654694603274888,3.6161894999124287,1.077842596815086,9.103244006277704,2.3203180854632044
portfolio_5stocks2,W1,ppo_test_only,PPO-TestOnly,3,14.868356041611676,1.2133060980675237,2.573635040457249,0.3426908114076723,2.770415633850169,0.45555730020421126,5.78869820040558,1.0953919278559878,6.086599707722946,1.4583385956627204
portfolio_5stocks2,W1,ppo_train_plus_test,PPO-Train+FineTune,3,12.607542904394357,11.520706178007332,2.219482685875595,1.8686680582641004,2.371339070801026,2.108990946536473,3.8438409915648655,1.0382157975997148,8.937491181262255,8.904115731762476
portfolio_5stocks2,W1,equal_weight,Equal Weight,3,18.05861118402401,0.0,3.244651920953039,0.0,3.2616327841930457,5.438959822042073e-16,3.1506809027957874,0.0,12.904748815821316,2.175583928816829e-15
portfolio_5stocks2,W2,pure_gift,Pure GIFT,3,1.636828449142495,2.7333894687681193,0.3796090500198168,0.532895142994714,0.3595310930273469,0.5088785642964536,6.138509973367203,1.0142521282396513,0.8698964927284375,1.2913195634157348
portfolio_5stocks2,W2,ppo_test_only,PPO-TestOnly,3,0.7303857873600661,2.4068943716487543,0.15985512750508835,0.5177533001545274,0.16303966911493406,0.48974794734541705,5.991081513719689,0.5456173852959949,0.44519756531959936,0.9838331091952487
portfolio_5stocks2,W2,ppo_train_plus_test,PPO-Train+FineTune,3,3.1475609161120133,2.713315518962556,0.6206429587016214,0.4808138767638851,0.5872879875750304,0.4554073367535999,5.438502158686407,0.7470329445587615,1.6252159531489372,1.3166324252437933
portfolio_5stocks2,W2,equal_weight,Equal Weight,3,5.3368853326538614,1.0877919644084146e-15,0.9738935185894667,0.0,0.9276971877859119,0.0,4.916922091616435,0.0,2.7324019715791663,5.438959822042073e-16
portfolio_5stocks2,W3,pure_gift,Pure GIFT,3,-5.533601563611227,2.40733315915676,-0.42066916013120226,0.22129480909168817,-0.3524472319113848,0.1808888549057566,15.475195014142562,4.04552029063786,-0.6438643271453287,0.24959970370307583
portfolio_5stocks2,W3,ppo_test_only,PPO-TestOnly,3,-5.511987335278193,1.529474763302715,-0.4868416572978131,0.2330773128605615,-0.4233040872302279,0.20383075795972674,13.666488508487996,1.48214388888323,-0.7984853507379223,0.28512051941821936
portfolio_5stocks2,W3,ppo_train_plus_test,PPO-Train+FineTune,3,-10.344941849467482,4.038409187506875,-0.9705982885665801,0.33676114407998853,-0.8451055486754768,0.2845876322967033,15.3717862859297,5.397620576237629,-1.513059210526978,0.33622666951753305
portfolio_5stocks2,W3,equal_weight,Equal Weight,3,-6.20660398444376,0.0,-0.4783454467141283,0.0,-0.4125051377568512,0.0,14.727331725324772,0.0,-0.8238519771549256,0.0
portfolio_5stocks2,W4,pure_gift,Pure GIFT,3,-1.9059244263576895,4.854757864367238,-0.13319516779169457,0.6356188935467907,-0.14711927124545618,0.681709492432031,10.082855213195165,1.977375135223795,-0.23791303795771843,1.2006023306109062
portfolio_5stocks2,W4,ppo_test_only,PPO-TestOnly,3,6.942274997715399,10.03924781005811,0.8816176822650442,0.9718942217038973,0.9532499701339351,1.0344031276428187,12.427247876856484,2.9320929678096697,1.5416448692763645,1.7004761984164363
portfolio_5stocks2,W4,ppo_train_plus_test,PPO-Train+FineTune,3,-8.134450344435965,9.836481665121505,-0.6453975044093516,0.9797837110144235,-0.7215262739829914,1.0296638123730848,17.050266820499832,5.279862994574957,-0.7762754302725892,1.4246260617136155
portfolio_5stocks2,W4,equal_weight,Equal Weight,3,-1.3835304446524699,0.0,-0.015438249292192946,0.0,-0.01652725729725395,0.0,13.352813526106834,2.175583928816829e-15,-0.028198890519674353,4.2491873609703695e-18
portfolio_5stocks2,W5,pure_gift,Pure GIFT,3,9.962161624451648,5.368203561787467,1.866506698334178,0.8573637369345167,2.0425730860075473,0.978709367509041,7.202003455758722,0.735001449525583,3.164787477615469,1.4984506699969165
portfolio_5stocks2,W5,ppo_test_only,PPO-TestOnly,3,4.6650624993705465,2.201077941191215,0.7524634090673477,0.35099336772286616,0.797198652422087,0.3943711979396261,10.050829020840297,1.2095342145331833,1.240121282505885,0.5630895423675979
portfolio_5stocks2,W5,ppo_train_plus_test,PPO-Train+FineTune,3,3.712639568584527,3.104489295687276,0.712372193976388,0.5566180138411303,0.7310728415234609,0.5686923348628026,7.7090005263237655,1.7267730771351566,1.4472988655481476,1.2853565343518691
portfolio_5stocks2,W5,equal_weight,Equal Weight,3,12.538026408552193,2.175583928816829e-15,1.9235243326284184,2.7194799110210365e-16,2.1056045667364165,0.0,8.541527510063228,0.0,3.458708087977458,0.0
portfolio_5stocks2,W6,pure_gift,Pure GIFT,3,5.075069571383721,1.0685038231187896,1.0676829530847618,0.18021848789777384,0.9915210723102694,0.14862550654019518,8.742482949104081,0.9891975446468408,1.4745827586943576,0.4135877477391609
portfolio_5stocks2,W6,ppo_test_only,PPO-TestOnly,3,5.049550733954562,6.485070410463046,0.7232829801458931,0.8183878487775905,0.7024209569376101,0.8126892733626644,9.915925875503406,1.3581014343883389,1.2317699645583462,1.5523439638599668
portfolio_5stocks2,W6,ppo_train_plus_test,PPO-Train+FineTune,3,0.7894611722386924,2.4250886765966366,0.22731745101080725,0.5031022546279894,0.23114141190171678,0.4890394201950127,11.175343058675097,2.2740909774396303,0.3101020799228253,0.6085228450594138
portfolio_5stocks2,W6,equal_weight,Equal Weight,3,5.81912005262637,0.0,1.1213983234173173,0.0,1.0365338948758787,0.0,10.409219549408311,0.0,1.3979809384732815,0.0
